data_last_period,created_at,scenario,series,period,mean,q025,q050,q100,q250,q500,q750,q900,q950,q975
2026Q1,2026-09-23 17:59,consensus,total_market,2026Q2,20898.89162538709,15711.613148607108,16504.199006470186,17367.965758488088,18887.644634536795,20702.711308676993,22635.576657285863,24658.044540042505,26147.941164722928,27379.223428994002
2026Q1,2026-09-23 17:59,consensus,total_market,2026Q3,20387.830921573877,14866.082402640252,15794.152151489447,16813.319884268694,18311.195146892347,20161.989822496376,22134.915955217588,24313.64714168127,25744.132877402804,27294.070166506153
2026Q1,2026-09-23 17:59,consensus,total_market,2026Q4,23953.914281639383,17626.542009662255,18612.82754777341,19709.219996065174,21572.952518573147,23747.237074360986,25962.978763913372,28539.619938334276,30100.17023918448,31536.56494750367
2026Q1,2026-09-23 17:59,consensus,total_market,2027Q1,17235.21090685612,12784.668885740744,13468.277579313924,14235.037199389615,15431.88569442376,16974.380865090003,18750.032955934035,20518.495562291686,21948.278703846678,23172.670772171303
2026Q1,2026-09-23 17:59,consensus,total_market,2027Q2,22762.263323504827,16772.54543727763,17690.170960673902,18763.94882195381,20464.32315510603,22473.305728284868,24704.818759539277,27112.711177758443,28819.79525845273,30366.420515382702
2026Q1,2026-09-23 17:59,consensus,total_market,2027Q3,21860.693472213374,15808.214591783544,16705.81322346419,17815.900189458283,19483.157243732967,21443.119920597623,23800.795277477016,26452.349274192464,28207.96806608969,29903.92603408817
2026Q1,2026-09-23 17:59,consensus,total_market,2027Q4,25403.771367657773,18523.633365351016,19511.29385446251,20623.02143632426,22571.431306036277,24984.086773540195,27739.257939741987,30724.46481300851,32751.635819842235,34504.56921033071
2026Q1,2026-09-23 17:59,consensus,total_market,2028Q1,18317.565055270275,13334.22584657072,13945.151787897423,14752.385499850972,16180.395393721126,17918.446136136256,20059.022322448447,22250.462617310593,24048.949513038064,25584.329204934464
2026Q1,2026-09-23 17:59,consensus,total_ice,2026Q2,5239.79812958797,3562.1755190777885,3787.239811920297,4055.132723475363,4516.380641399123,5105.615131554217,5810.952456759027,6583.323619084288,7163.336851523039,7700.036482690314
2026Q1,2026-09-23 17:59,consensus,total_ice,2026Q3,5375.841050102803,3518.2775517142345,3778.764260424645,4047.559412408295,4561.364596228985,5199.852919497392,6005.940820190834,6903.371245983922,7498.887398357642,8085.5979588343935
2026Q1,2026-09-23 17:59,consensus,total_ice,2026Q4,6225.543568308226,4097.334317812565,4341.16982358119,4677.898832252668,5252.537228883759,6050.903989110271,7014.452933491979,7969.93123566731,8712.843893249401,9429.30957164331
2026Q1,2026-09-23 17:59,consensus,total_ice,2027Q1,4177.281215842045,2793.295637861407,2949.7998200458087,3152.7012888328672,3541.6805945118576,4058.7148937829734,4672.378205391848,5351.238854680458,5844.680167898052,6192.953150393331
2026Q1,2026-09-23 17:59,consensus,total_ice,2027Q2,5021.36534506387,3352.6337469006053,3577.7141523278906,3829.146820039532,4291.457935104992,4870.659989167179,5564.801851997512,6403.361704786371,7018.273037472792,7594.949852029221
2026Q1,2026-09-23 17:59,consensus,total_ice,2027Q3,5063.779305993402,3301.3263354264977,3508.123345561345,3742.3002263908547,4227.561814477736,4868.559710412959,5690.231913819253,6615.114575038396,7346.00956046707,7979.529174690826
2026Q1,2026-09-23 17:59,consensus,total_ice,2027Q4,5839.559387099675,3807.5382726286516,4032.515011569872,4326.875015224474,4872.51246001312,5619.25780306613,6539.4330609609715,7631.776797703458,8350.794289718377,9126.473304244173
2026Q1,2026-09-23 17:59,consensus,total_ice,2028Q1,3975.6919474362862,2612.270706559577,2743.067123920785,2926.4840912237164,3319.009720840965,3823.6888381368526,4417.667715628444,5210.048393846483,5834.361340727946,6335.501480889981
2026Q1,2026-09-23 17:59,consensus,total_electric,2026Q2,15659.093495799121,11564.00578045925,12124.375155591448,12788.208642201163,14070.144279818256,15488.576008583546,17020.04408133466,18660.389938553435,19802.935253688942,20677.658920036672
2026Q1,2026-09-23 17:59,consensus,total_electric,2026Q3,15011.989871471074,10771.195904965998,11380.075452595573,12120.454129538695,13409.78047747238,14862.982491796367,16386.87026314876,18111.205125433207,19299.40517319553,20255.977184644617
2026Q1,2026-09-23 17:59,consensus,total_electric,2026Q4,17728.370713331162,12790.947864890162,13497.611077494876,14294.774904237118,15802.307197425587,17557.194432146658,19415.94468813312,21293.14874736194,22560.752252781713,23712.874225436528
2026Q1,2026-09-23 17:59,consensus,total_electric,2027Q1,13057.929691014078,9456.984369503274,9974.316811813762,10652.439715152032,11661.989512937713,12837.111746159775,14254.060296812411,15702.433073983213,16730.481344839827,17801.38239940531
2026Q1,2026-09-23 17:59,consensus,total_electric,2027Q2,17740.897978440964,12809.249551490295,13678.241850906927,14456.392278367746,15840.861985221576,17539.67101547953,19332.23536563728,21218.792704458872,22598.46020653912,24024.27862189526
2026Q1,2026-09-23 17:59,consensus,total_electric,2027Q3,16796.914166219973,11949.620802277008,12602.009272903906,13416.488410740578,14851.603997501421,16564.028485370633,18410.669893378188,20513.250965901283,21952.119784907405,23282.641576619422
2026Q1,2026-09-23 17:59,consensus,total_electric,2027Q4,19564.2119805581,13946.285409483133,14678.163417564288,15604.35550535756,17243.92761717637,19293.289767919232,21521.88997523837,23816.9532005199,25561.61670950277,27071.1602027126
2026Q1,2026-09-23 17:59,consensus,total_electric,2028Q1,14341.873107833993,10277.684362828539,10785.43652910392,11459.365943493569,12559.78997841687,14038.085702334294,15765.814175195055,17627.602542428154,18846.99451226086,20135.012975563324
2026Q1,2026-09-23 17:59,consensus,electric_share,2026Q2,0.7492511393681537,0.6620870248280846,0.6836794714041905,0.704282720024408,0.7309794144708727,0.7549770908688885,0.7738664343032085,0.7876369883101825,0.7952295950141977,0.8012237048406121
2026Q1,2026-09-23 17:59,consensus,electric_share,2026Q3,0.7364577425677881,0.6400294245146547,0.6601045833309074,0.6812718699764392,0.7148496680530001,0.7424024668631618,0.7652461771136384,0.7826226135592524,0.7905683042326856,0.7982451440362781
2026Q1,2026-09-23 17:59,consensus,electric_share,2026Q4,0.740183036262996,0.6442033972633847,0.6647137585291402,0.6867950932213882,0.7176999484080693,0.746746365255112,0.7691346645064643,0.7859826404665051,0.7952833800691604,0.8019702902749506
2026Q1,2026-09-23 17:59,consensus,electric_share,2027Q1,0.7575806875962342,0.6709948040360127,0.6888298330287229,0.7089204873293175,0.7381457815126492,0.7630006693878909,0.7843419189832348,0.7982662212086784,0.8060956295428077,0.8120106855302112
2026Q1,2026-09-23 17:59,consensus,electric_share,2027Q2,0.7793861562621505,0.6959946538204034,0.7177854266077675,0.7371994225273514,0.7636267521613385,0.7860161296627681,0.802096700164264,0.8141276082464457,0.8195978401305983,0.8238069131578598
2026Q1,2026-09-23 17:59,consensus,electric_share,2027Q3,0.7684110252340983,0.6733323678046786,0.6935169903861038,0.7187208443294967,0.748986738860581,0.7761799002087394,0.7962716087599903,0.8096585860623112,0.8159018382726887,0.8209708675566881
2026Q1,2026-09-23 17:59,consensus,electric_share,2027Q4,0.7700471551767971,0.6720534589943714,0.6973821839027816,0.719727281403781,0.7503082626997303,0.7781990462619064,0.7986049660497007,0.8122985491135917,0.8190225172867421,0.8230626497757965
2026Q1,2026-09-23 17:59,consensus,electric_share,2028Q1,0.7830285793847627,0.6894089037518663,0.7149450115546953,0.7350707875392394,0.7667609594652224,0.7910630703633549,0.8081476352843258,0.8199738626283801,0.8257134488643046,0.8297012186832431
2026Q1,2026-09-23 17:59,consensus,ice_1_1.8,2026Q2,1393.4262224124438,681.3120593732999,770.3995797056008,877.9939564450174,1080.598390438845,1326.949027476891,1650.400900086427,1979.3641644083652,2205.5705077727753,2434.494192111865
2026Q1,2026-09-23 17:59,consensus,ice_1_1.8,2026Q3,1443.2832111660725,711.9447943047838,797.2906502446914,898.7943653918512,1101.3819380808404,1374.8927758066948,1699.8174652843775,2076.9475891899933,2330.2575885469214,2570.761919476786
2026Q1,2026-09-23 17:59,consensus,ice_1_1.8,2026Q4,1675.6252259753833,812.571785185993,914.4677353652485,1037.1288244974248,1283.6898197334508,1602.78357715794,1987.9935041559652,2392.3577832753354,2667.713327710825,2950.987416266937
2026Q1,2026-09-23 17:59,consensus,ice_1_1.8,2027Q1,1135.000519394035,543.6457050771402,607.3238142072166,697.4627683573364,870.2803774004152,1081.7193749224077,1348.60618150147,1628.8835123948318,1819.8799767881128,2027.7949605729325
2026Q1,2026-09-23 17:59,consensus,ice_1_1.8,2027Q2,1370.6456037591884,682.6335031787331,756.6924870498847,860.4448032330114,1042.8851359387345,1302.3066646849843,1620.4666886027633,1978.7633254440248,2215.3815928666263,2467.4499254932484
2026Q1,2026-09-23 17:59,consensus,ice_1_1.8,2027Q3,1374.4033006639338,667.472153767524,746.0223235214726,854.1862477911345,1042.8464040909917,1300.2093530571474,1621.4869868043618,1993.0720179708676,2226.8708362302614,2504.9632762330607
2026Q1,2026-09-23 17:59,consensus,ice_1_1.8,2027Q4,1596.9569985750672,771.1791076153013,860.3517957247025,975.3534758249779,1209.0923533705468,1515.050750740172,1887.5368358354276,2301.9979359130266,2592.398325059645,2859.966078840778
2026Q1,2026-09-23 17:59,consensus,ice_1_1.8,2028Q1,1086.4851663992374,530.6437297724003,586.9978320615566,670.1160990559629,818.2208539730682,1026.7247798511792,1282.5390203968768,1580.8558859327056,1790.9571169863543,2004.109811770689
2026Q1,2026-09-23 17:59,consensus,ice_2_2.5,2026Q2,1199.2508755387735,705.5137756597239,762.643941577993,833.1960656704277,975.9243602231223,1156.1784517688366,1391.5592538540748,1610.886014077818,1762.0990904384023,1885.9704199016392
2026Q1,2026-09-23 17:59,consensus,ice_2_2.5,2026Q3,1242.4096565962043,716.2473927996213,777.5293934532591,850.3068382243831,1005.7621644041878,1192.34519743475,1430.0633749515605,1673.4374438174045,1863.6148695190404,2031.4364774629987
2026Q1,2026-09-23 17:59,consensus,ice_2_2.5,2026Q4,1446.363287855098,840.4593317986822,905.362548313753,995.4798195452366,1164.9236332851663,1388.3842530195218,1669.7758025859378,1961.8282282787275,2185.393202122181,2381.650593787988
2026Q1,2026-09-23 17:59,consensus,ice_2_2.5,2027Q1,975.4927766955299,558.3816269610068,603.4347985606166,665.4294223320977,790.0892160794222,939.9919151809315,1123.5906427073387,1328.2993332400868,1459.6846720771512,1576.384592208419
2026Q1,2026-09-23 17:59,consensus,ice_2_2.5,2027Q2,1180.815775740228,689.8820190310618,746.345220042981,822.291489986187,957.876297460586,1135.9856380642586,1357.0243097783375,1584.8185625868834,1748.3699291940857,1914.6900643448091
2026Q1,2026-09-23 17:59,consensus,ice_2_2.5,2027Q3,1196.0044714643434,679.6318606183828,733.0409626354102,804.7020415229812,947.032910354171,1139.843208454109,1386.6792534833626,1668.8203056846808,1846.5378408513945,2056.9210850156082
2026Q1,2026-09-23 17:59,consensus,ice_2_2.5,2027Q4,1385.3508394060236,766.8308168478192,836.2251517591867,931.4253647551031,1096.6763001519512,1322.965259729041,1594.6378822978072,1919.3577075096434,2147.9290956243613,2370.357263468637
2026Q1,2026-09-23 17:59,consensus,ice_2_2.5,2028Q1,945.7700391949894,538.5925315588999,580.7374815355035,639.6588514359938,751.403989171607,897.3104949349587,1092.3281753307238,1298.9964626900726,1468.4691195580174,1626.7987233519398
2026Q1,2026-09-23 17:59,consensus,ice_3_3.5,2026Q2,2050.704052098196,1315.5551673414204,1414.6824439051118,1526.6111456686751,1724.898060926247,1994.6516914507806,2306.289810315241,2635.373743133564,2888.2785591779393,3113.7484020574816
2026Q1,2026-09-23 17:59,consensus,ice_3_3.5,2026Q3,2069.2677516813305,1259.2417502273252,1370.6039410612784,1499.8927560729637,1727.181990344173,2006.1343169074441,2338.8137540308867,2704.5365365880816,3002.0365462150817,3229.895816690319
2026Q1,2026-09-23 17:59,consensus,ice_3_3.5,2026Q4,2378.3550258503974,1474.971606328553,1586.1290933755192,1703.5812429945747,1971.4886127263444,2306.341768360553,2710.825841782111,3125.0273501293887,3428.989457935312,3713.5016840410426
2026Q1,2026-09-23 17:59,consensus,ice_3_3.5,2027Q1,1576.7313501628844,1000.1547821975453,1062.490713458043,1140.7977406871678,1308.759771228939,1525.0589939025458,1782.655663259678,2072.2118287306494,2272.9404946242153,2457.233134426115
2026Q1,2026-09-23 17:59,consensus,ice_3_3.5,2027Q2,1879.8331389310952,1176.4726651011767,1265.1780079303255,1381.7148480845988,1571.8068825937366,1816.5488536966736,2112.285839015458,2468.776233137804,2690.625079820393,2956.0991665737165
2026Q1,2026-09-23 17:59,consensus,ice_3_3.5,2027Q3,1896.0907465251441,1161.7007498304724,1233.9297696466967,1340.6549796516676,1544.0171408441927,1816.319713713644,2150.8589279436324,2544.94054349523,2813.486657726885,3106.315744682294
2026Q1,2026-09-23 17:59,consensus,ice_3_3.5,2027Q4,2166.165338257616,1324.2951361470903,1405.9293096282836,1532.3978556650118,1761.65527983218,2081.3795406318523,2457.0337849046114,2900.7127861506174,3197.2811978775553,3513.515360958478
2026Q1,2026-09-23 17:59,consensus,ice_3_3.5,2028Q1,1470.7913870734983,896.594520581947,964.8138271711655,1040.826969683403,1202.3003789109962,1407.1816077335775,1667.8317385924438,1962.180328747295,2209.2295096673383,2402.3440877183198
2026Q1,2026-09-23 17:59,consensus,ice_3.8_5,2026Q2,372.7569982754092,165.35348902791853,188.40281319093643,216.39211075258604,270.34417908808746,346.2912372797374,443.7934647052588,559.7268948524418,655.809247468544,721.2039682807131
2026Q1,2026-09-23 17:59,consensus,ice_3.8_5,2026Q3,378.8992245081941,165.0669835863557,187.31985507552778,215.3022015833929,273.38747987996203,353.8479592402321,449.7817402956717,569.7300032915967,664.2919677057813,754.6831994907136
2026Q1,2026-09-23 17:59,consensus,ice_3.8_5,2026Q4,436.5210701642926,185.89922141031857,213.0653965246725,245.32241431320762,311.72729317241556,405.9300901673438,529.0524626747854,664.5026824959238,759.4207541382483,855.6885403727396
2026Q1,2026-09-23 17:59,consensus,ice_3.8_5,2027Q1,290.95983607581553,127.31628723926708,144.3502266033881,165.7856242649697,208.11255141532186,269.9661082094686,349.2314062609874,446.8090575816601,506.89016718067734,569.3637068050599
2026Q1,2026-09-23 17:59,consensus,ice_3.8_5,2027Q2,342.9278419313312,148.53867697080315,166.30932765197227,197.36555222492515,247.0773063471665,319.45245469259714,410.60342108356673,518.4622703105651,599.7679297355983,683.75185592255
2026Q1,2026-09-23 17:59,consensus,ice_3.8_5,2027Q3,348.68829069601264,148.64419422368093,170.11317004216616,195.83765431243242,247.29935511685287,323.4428743288887,415.8976127982522,536.6301032732199,620.6416941808533,701.424084186414
2026Q1,2026-09-23 17:59,consensus,ice_3.8_5,2027Q4,397.65762233425534,166.2164654582976,187.39297067678436,221.19248665192046,282.6267479033374,366.5005936823806,479.40232691855005,608.558609817757,699.1299255695758,806.9705683750603
2026Q1,2026-09-23 17:59,consensus,ice_3.8_5,2028Q1,271.1722416610755,114.29007359249522,130.25950921925272,151.3448842281315,190.2352698947961,248.01408796984379,327.0813927108872,419.92433286389155,489.00050805869415,546.6358510394905
2026Q1,2026-09-23 17:59,consensus,ice_6_8,2026Q2,102.19255299069579,23.901079475908542,29.48719259650068,36.66676259975963,54.530705305748924,83.4050957988832,129.35350846770473,190.07051433649525,233.24121580725654,289.6543936698294
2026Q1,2026-09-23 17:59,consensus,ice_6_8,2026Q3,109.66683000994122,24.360172321079155,30.301276286487234,38.7855892651659,56.653118984696526,89.1231148937601,136.5595907190562,207.30746247628275,263.0040058972447,318.7540638512232
2026Q1,2026-09-23 17:59,consensus,ice_6_8,2026Q4,129.9462575336827,28.902239657643776,35.47706701933322,44.18851330211811,66.69146613741262,105.3454196527965,163.50254411646898,248.5367066161621,312.7107808076021,386.63771565498996
2026Q1,2026-09-23 17:59,consensus,ice_6_8,2027Q1,87.09549551950913,18.981939489238705,23.611416113470312,30.35525888382314,44.80982644011957,70.2250021490247,110.19440267621943,164.56227077872623,210.38434179328783,252.0227759428505
2026Q1,2026-09-23 17:59,consensus,ice_6_8,2027Q2,108.73469796820893,23.659017094033405,29.93383468993783,37.317914045746605,56.10518930451705,88.93789859383867,135.0227814630972,201.68200163856892,261.41975403624656,314.46508006365383
2026Q1,2026-09-23 17:59,consensus,ice_6_8,2027Q3,107.03719022303724,23.985571110369648,29.454687412575264,37.05211099342775,55.370543328854595,85.9686169986583,135.5572310874864,203.03923277184626,256.9773997590641,305.74334082273407
2026Q1,2026-09-23 17:59,consensus,ice_6_8,2027Q4,125.23686022084108,28.06196425523386,33.86250669761663,42.979605009143874,65.35478098782256,103.14117038097652,159.79384325199814,231.21514378915884,291.8213403709539,350.96149686775294
2026Q1,2026-09-23 17:59,consensus,ice_6_8,2028Q1,86.08567894320879,19.46415923523661,23.918221086447286,29.939071818835714,44.607965637243396,69.37210344258247,106.59211232958843,160.18514465902214,202.17425336083375,248.408461225593
2026Q1,2026-09-23 17:59,consensus,ice_8.5_10,2026Q2,80.00308230517982,30.493793542618654,35.249876026759594,42.0673010542364,54.3595143962042,72.60738749470349,97.63490481907385,127.59946336661068,149.66275832654642,169.87330872711007
2026Q1,2026-09-23 17:59,consensus,ice_8.5_10,2026Q3,86.78638913163525,32.6007656817249,37.21774961750444,44.628657671143856,58.9237414533963,79.05582570550897,105.77845104337831,138.01488484952503,162.4704718900503,191.5372234016565
2026Q1,2026-09-23 17:59,consensus,ice_8.5_10,2026Q4,104.38012228156965,38.82567311656545,44.65200447866545,53.37460859391604,69.62887130134428,93.97535631166906,126.94513374878375,166.93672105653013,198.59452273554092,229.6019390598549
2026Q1,2026-09-23 17:59,consensus,ice_8.5_10,2027Q1,72.79087731661522,27.36387097077393,31.30124484539296,37.396864306210915,49.12489563299782,65.69764071519299,87.83482315261159,115.75543283998395,137.0650399018353,163.49187925060838
2026Q1,2026-09-23 17:59,consensus,ice_8.5_10,2027Q2,90.22770731365303,33.85295692413146,39.91174097996408,46.13718736085108,60.23067663428823,81.53972869284152,110.7365218273305,145.51101453848386,169.72922183742276,197.28929606643433
2026Q1,2026-09-23 17:59,consensus,ice_8.5_10,2027Q3,92.628996361173,34.07271540757504,39.53932768607748,46.72863068621776,61.44761776027751,83.24649527824786,113.20639823736728,149.64217947698222,182.00428041233323,209.79655187143217
2026Q1,2026-09-23 17:59,consensus,ice_8.5_10,2027Q4,108.4493219019522,41.22049091460526,46.88367681509894,54.606581878224546,72.13811601564662,97.38848801946799,132.34494668276554,174.8730652051207,206.33843442868042,247.5345090784681
2026Q1,2026-09-23 17:59,consensus,ice_8.5_10,2028Q1,74.91995704289337,27.180882485429624,31.76763549245244,37.935596436467264,49.94790270645831,67.34178740908635,91.26914285873085,121.56094800141844,144.21245435915682,164.86917125103608
2026Q1,2026-09-23 17:59,consensus,ice_11_18,2026Q2,34.85346095680058,3.24334984916834,4.383127260017115,6.3861604117506285,11.615126275420202,21.68372301818186,41.71563494858064,74.76621630217669,105.1668494916503,139.74015018670102
2026Q1,2026-09-23 17:59,consensus,ice_11_18,2026Q3,38.36628637878763,3.650359458310485,4.842446579750494,6.912268830983055,12.550134135710735,23.887616226793934,46.80185122686208,82.16111223564275,118.30756365268172,162.1197143015955
2026Q1,2026-09-23 17:59,consensus,ice_11_18,2026Q4,45.88390796166165,4.500409536550369,5.970163009716782,8.295306871482051,14.795382326582592,28.904619421427547,54.921190968838545,100.5059130667779,144.91209936029512,194.93587987679396
2026Q1,2026-09-23 17:59,consensus,ice_11_18,2027Q1,33.394913815750336,3.217468337088618,4.505237345966591,6.13461411829485,10.679533046480326,20.531136769822012,40.20690388283016,72.33161123299308,103.80023894360649,141.72262739419028
2026Q1,2026-09-23 17:59,consensus,ice_11_18,2027Q2,40.943086022291794,3.6595476691302316,4.955583272939706,7.068528778234914,12.872520697282003,25.235699703574355,48.86709651987535,89.26191154284881,129.54229253328762,174.03898254557294
2026Q1,2026-09-23 17:59,consensus,ice_11_18,2027Q3,41.39991002747237,3.899733367222695,5.085799092611645,7.3328282424119635,13.447349232065765,25.653578956117443,50.014994306265656,88.69916168889142,137.88776330473866,178.1280464565972
2026Q1,2026-09-23 17:59,consensus,ice_11_18,2027Q4,51.058378178790015,4.64694752536602,6.014172503955835,8.712110593264217,15.671373378663544,31.082923980472785,60.33661957716659,111.55106091807693,162.74526213498538,222.99270231327068
2026Q1,2026-09-23 17:59,consensus,ice_11_18,2028Q1,34.44138249119041,3.093858328150793,4.119688436103699,6.090595892596337,10.89716957484389,21.00651274100779,40.27856200594382,76.3498214638254,107.97969173372613,148.17006562724416
2026Q1,2026-09-23 17:59,consensus,ice_20_25,2026Q2,6.610885010471783,1.2589857633597712,1.5689671357712613,2.0148565857289995,3.184753062089232,5.072566054431338,8.156664276512274,12.640396342739436,16.811837253056776,21.081991218084745
2026Q1,2026-09-23 17:59,consensus,ice_20_25,2026Q3,7.161700630637415,1.255044417152913,1.610614101011237,2.1374759791419917,3.372929262041745,5.458012226723759,8.91231858401256,13.861922999429074,18.62026228168202,22.871593366229064
2026Q1,2026-09-23 17:59,consensus,ice_20_25,2026Q4,8.46867068614043,1.539191894246203,1.9282125271418094,2.5284848546191023,4.022147810226302,6.59156631673654,10.51293611138073,16.247715338305973,21.07368424133376,27.692650099944853
2026Q1,2026-09-23 17:59,consensus,ice_20_25,2027Q1,5.815446861905065,1.069354312007626,1.3298393438672982,1.7171893551878297,2.7007528956100604,4.493557925478312,7.185412451369443,11.116062190862992,14.95471389235794,19.655950151155995
2026Q1,2026-09-23 17:59,consensus,ice_20_25,2027Q2,7.237493397874572,1.3382117212132332,1.6148352321371904,2.091136412633945,3.3647446005525783,5.5310311652804796,9.136315147089043,13.931178212566916,17.976279502777935,23.468928557960933
2026Q1,2026-09-23 17:59,consensus,ice_20_25,2027Q3,7.526400032286012,1.3664043544675533,1.7232596693671787,2.220205893629431,3.4068381580818583,5.67993501035353,9.45613417236977,14.608865607814785,19.33595490991772,24.970897758775635
2026Q1,2026-09-23 17:59,consensus,ice_20_25,2027Q4,8.684028225130401,1.596016568232791,1.9383381040430403,2.503361336843798,3.9743930699789933,6.482496945013761,10.593670287833477,17.299302766728896,23.072224908454768,28.758697586451156
2026Q1,2026-09-23 17:59,consensus,ice_20_25,2028Q1,6.0260946301926195,1.0129602831553972,1.2742338799968052,1.687967705474291,2.70405467365765,4.505390455800045,7.461272341403651,11.809898410841589,14.823750943525528,20.272742789767953
2026Q1,2026-09-23 17:59,consensus,el_1_1.8,2026Q2,7246.767641506199,5131.7962863231105,5431.679754727667,5819.081383792089,6442.75117243801,7169.773691804812,7948.511737673452,8750.015477222314,9281.097674011802,9855.169937418492
2026Q1,2026-09-23 17:59,consensus,el_1_1.8,2026Q3,6831.021721296512,4746.420380071865,5060.583749321577,5399.92865911913,6010.579067583768,6748.711281628044,7532.857935183171,8401.90684064979,8941.388711979545,9450.955715508187
2026Q1,2026-09-23 17:59,consensus,el_1_1.8,2026Q4,7947.6298050068235,5563.87707600943,5889.166070061763,6281.014116792545,6986.570429917102,7856.683681099742,8762.676197421619,9708.693106706474,10367.981287822391,10965.192509130808
2026Q1,2026-09-23 17:59,consensus,el_1_1.8,2027Q1,5805.383159258361,4030.861578442793,4302.067676570927,4617.123512879614,5125.316949236549,5710.700923536722,6396.885011580105,7117.508427351147,7621.181612876755,8053.603402774608
2026Q1,2026-09-23 17:59,consensus,el_1_1.8,2027Q2,7796.811107602691,5463.291257465922,5813.9543259247885,6155.017313274703,6875.78273905178,7665.079503252829,8587.828393496495,9488.699368144265,10152.628177382023,10888.76602996102
2026Q1,2026-09-23 17:59,consensus,el_1_1.8,2027Q3,7332.467315076649,5047.304088107843,5324.845384966423,5723.544941510446,6386.4467886004095,7226.906115619345,8101.648977417008,9086.045210686385,9760.686352512015,10499.854333435449
2026Q1,2026-09-23 17:59,consensus,el_1_1.8,2027Q4,8497.931496911246,5821.577986092685,6187.944533056105,6623.635838213794,7408.6197257491785,8322.828176436586,9471.952540232702,10579.811722939554,11295.724217442157,12088.28404627201
2026Q1,2026-09-23 17:59,consensus,el_1_1.8,2028Q1,6194.73051367992,4251.527487153886,4500.753241806093,4829.09838671185,5348.972222696195,6034.524189755588,6869.707085326834,7758.597657658354,8365.365546539466,8934.21251503087
2026Q1,2026-09-23 17:59,consensus,el_2_2.5,2026Q2,4314.088578851217,2934.501127555874,3113.2709980967556,3337.4356061811745,3773.1868568094537,4261.303363368024,4786.321493347283,5330.415565507394,5720.370353808558,6039.308502781502
2026Q1,2026-09-23 17:59,consensus,el_2_2.5,2026Q3,4112.128397346803,2728.8716866781115,2940.7121445811413,3149.967945840648,3554.148486439309,4040.950789238552,4588.553792068824,5164.274016624989,5568.582768559696,5884.8960530482245
2026Q1,2026-09-23 17:59,consensus,el_2_2.5,2026Q4,4834.897019609731,3228.2496220700596,3420.111168055167,3711.238603558971,4191.558595250822,4779.930090271421,5410.871762715677,6026.740966626206,6432.58709540391,6862.064319888761
2026Q1,2026-09-23 17:59,consensus,el_2_2.5,2027Q1,3549.102742248409,2383.346223313052,2537.794170387557,2718.6559980219863,3062.589552768423,3485.8762425432587,3958.9756296604396,4452.729696381653,4763.213384438068,5110.9632994109525
2026Q1,2026-09-23 17:59,consensus,el_2_2.5,2027Q2,4798.2564807816125,3230.319976490835,3461.020746405878,3708.422110355488,4154.182435909924,4694.8688178085395,5358.2301474767155,5999.135481000767,6435.322374407901,6793.401685401941
2026Q1,2026-09-23 17:59,consensus,el_2_2.5,2027Q3,4540.034340954067,2965.0672435683528,3196.2328726623705,3435.9239136669007,3890.5352352008777,4458.178573619296,5104.764326449974,5774.982965292304,6195.711398903515,6570.140761849333
2026Q1,2026-09-23 17:59,consensus,el_2_2.5,2027Q4,5254.339383092819,3415.9788853446657,3681.8517086540955,4001.5305938240795,4521.807753364859,5162.7974749656405,5888.210057699725,6621.968776077606,7157.977116334382,7628.1251018909725
2026Q1,2026-09-23 17:59,consensus,el_2_2.5,2028Q1,3853.9733935453096,2521.6003672817355,2700.2019754958797,2884.357116041126,3281.4970560591846,3769.7904477838865,4318.5109881945,4917.658888198085,5296.616123309412,5751.8392065818125
2026Q1,2026-09-23 17:59,consensus,el_3_3.5,2026Q2,3338.985486328505,1941.585196384505,2109.5640564662567,2319.5252601882116,2736.523290239603,3247.1780128464316,3840.167442136712,4472.552821291119,4899.538623427597,5367.474223152004
2026Q1,2026-09-23 17:59,consensus,el_3_3.5,2026Q3,3287.06912524621,1849.8650851274012,2041.3388163871323,2260.9363844999148,2668.9417506744003,3184.147692996269,3821.71210999322,4418.998864567377,4820.07919444259,5157.967113467125
2026Q1,2026-09-23 17:59,consensus,el_3_3.5,2026Q4,3976.9828352563964,2284.1919321070463,2494.9836911723937,2758.6863233200706,3221.760904146264,3876.0710769842126,4611.611839186272,5310.655032708822,5805.650292130076,6267.623552050595
2026Q1,2026-09-23 17:59,consensus,el_3_3.5,2027Q1,2960.5882543635244,1703.201238594667,1859.6461883112436,2053.447045631575,2401.417611283076,2879.56435208112,3421.761956215619,3994.3752816179817,4369.787825068616,4744.330273440768
2026Q1,2026-09-23 17:59,consensus,el_3_3.5,2027Q2,4110.304529945644,2351.4401434271103,2590.6474484567493,2856.5843428167864,3358.8123278151957,3985.7713280723933,4735.387677273309,5537.130902345337,6053.899375781309,6555.411831043404
2026Q1,2026-09-23 17:59,consensus,el_3_3.5,2027Q3,3922.9182613076755,2243.8136367746315,2454.913421593013,2692.086631058266,3183.2556572250633,3826.250949483392,4517.388030995907,5303.2434127717215,5808.041466493333,6310.133959390194
2026Q1,2026-09-23 17:59,consensus,el_3_3.5,2027Q4,4632.943289770042,2651.041278592559,2862.722528525047,3143.052257318042,3751.861126989159,4468.7411558086915,5358.714213490617,6233.778033990779,6852.8869404790985,7556.101167936647
2026Q1,2026-09-23 17:59,consensus,el_3_3.5,2028Q1,3409.8121679282435,1955.4319546513395,2125.576159370397,2345.6468153583714,2755.9634297797743,3302.8363956527664,3953.03779171993,4628.9792053884985,5038.3641273734465,5475.73784188155
2026Q1,2026-09-23 17:59,consensus,el_3.8_5,2026Q2,611.9505924676685,287.07702518947275,323.73418324071923,365.7606875327392,451.64238044832825,574.9085473543064,732.791138846092,888.1228921696232,1022.5465146489246,1170.711846954791
2026Q1,2026-09-23 17:59,consensus,el_3.8_5,2026Q3,624.2997904013572,278.75283175623025,318.2842617072347,360.54921304917457,455.46870956357833,587.8215519482276,752.5983729864854,929.6977493686115,1063.8693704063005,1202.4725525119898
2026Q1,2026-09-23 17:59,consensus,el_3.8_5,2026Q4,768.7838267246611,352.52133444242014,395.65164702505075,451.35388420123024,570.6359127365173,726.4556474253754,911.301140068678,1137.1130451956606,1286.0339819792791,1441.3375143114501
2026Q1,2026-09-23 17:59,consensus,el_3.8_5,2027Q1,586.7469157349218,266.586946366964,301.3757777881865,346.064372170759,430.17674647664035,551.3636630834874,702.9877347704164,863.2197583425714,987.0015496910676,1125.109463615971
2026Q1,2026-09-23 17:59,consensus,el_3.8_5,2027Q2,814.8730564156735,378.2042167462388,414.2310479530098,475.464661819247,595.8859525712023,766.3155082024816,976.7105627779358,1210.1446662064357,1388.6766019732977,1544.7331567544088
2026Q1,2026-09-23 17:59,consensus,el_3.8_5,2027Q3,785.4903409087772,355.52112409681655,404.52461085118665,464.41238512124465,579.4887534270788,737.2711186417746,935.1719900785178,1177.6724720705333,1319.9061059242686,1487.4356663346737
2026Q1,2026-09-23 17:59,consensus,el_3.8_5,2027Q4,925.6152415889594,425.31908094536783,475.49723527345816,542.5906379348443,675.692242849902,863.0933565453453,1112.6684238509401,1377.826151241231,1566.3759073110525,1731.8712923008368
2026Q1,2026-09-23 17:59,consensus,el_3.8_5,2028Q1,690.0915935860586,308.06866701877243,346.63006124452534,396.4960114485878,501.10218509590794,644.3026670857789,832.0402526079238,1037.5268530959313,1182.7343658911534,1346.6121715563836
2026Q1,2026-09-23 17:59,consensus,el_5.5_8,2026Q2,84.29477176329776,5.900742808620473,8.402325890311948,12.12795270670697,23.215889635344283,48.41345811474563,99.27957360175132,194.91286385481962,275.0132065237224,378.85628446175946
2026Q1,2026-09-23 17:59,consensus,el_5.5_8,2026Q3,89.70669225009293,6.068967447896495,8.460020241133247,12.246200151393305,24.06220919751152,50.94358055616351,107.06509356213184,201.92460456758658,290.87647998345847,418.0839987737516
2026Q1,2026-09-23 17:59,consensus,el_5.5_8,2026Q4,112.4273209652206,7.66713708529178,11.428802825246745,16.894211067586102,31.0169314438149,62.12108682159937,130.0109727798415,249.40850154394596,357.36892070997266,495.2444480973488
2026Q1,2026-09-23 17:59,consensus,el_5.5_8,2027Q1,88.65625517317976,5.7326220095574385,7.989756512490064,12.060036884946744,23.275371709005217,48.376199359319536,101.21894097719037,198.14212048406287,297.6653894567936,416.81575865402016
2026Q1,2026-09-23 17:59,consensus,el_5.5_8,2027Q2,123.89630474668384,8.066809255951055,11.53569463114723,16.28514406593484,31.925984895137336,66.11568317053806,142.1798473979565,276.0767182154031,411.84610898991616,576.3209459913817
2026Q1,2026-09-23 17:59,consensus,el_5.5_8,2027Q3,118.70021704906371,7.126033403467147,10.681714804002484,16.366403796883606,32.71109478736678,68.03739103439102,141.13748220680012,260.96943081270217,383.5761038054147,530.7677492460436
2026Q1,2026-09-23 17:59,consensus,el_5.5_8,2027Q4,138.88248714562633,9.70557662298825,13.865832748828232,20.353493916338273,38.13697851402246,78.52771795240733,162.10873144627126,310.1618959657349,454.6252656936601,638.4773844878742
2026Q1,2026-09-23 17:59,consensus,el_5.5_8,2028Q1,104.20789824640656,6.7031857094889515,9.79121028882963,14.656221810534197,27.985936562205104,59.44335162861067,122.4543028617941,240.06009974952434,346.94166374759004,485.6542618813172
2026Q1,2026-09-23 17:59,consensus,el_8.5_16,2026Q2,63.00642488223264,8.945738075413512,11.540518361588196,15.731690033414335,26.562063966958437,45.37702104886252,79.72645575442544,129.20437274344619,168.89017334928138,213.58266725842356
2026Q1,2026-09-23 17:59,consensus,el_8.5_16,2026Q3,67.76414493010009,9.831594135104586,12.74441667949913,16.862424859185744,27.637174797667058,48.27176946256688,83.93047646039125,137.06559630002022,187.5028426467864,249.96324762087195
2026Q1,2026-09-23 17:59,consensus,el_8.5_16,2026Q4,87.64990576832747,13.052516130406245,16.30391263760214,21.439938344501297,35.31836242028659,62.26438518281958,109.08224408224093,176.8804790257299,244.6956931331884,315.09010848471866
2026Q1,2026-09-23 17:59,consensus,el_8.5_16,2027Q1,67.4523642356819,9.35843419824866,12.156667033092614,16.596361710604583,27.36582871519534,47.64187910563852,84.76666453412575,137.67835488339284,180.7148451088908,240.68704802530712
2026Q1,2026-09-23 17:59,consensus,el_8.5_16,2027Q2,96.7564989486536,14.27646811774292,18.58556457513079,25.013019448174493,40.39380842997052,69.96068342101577,120.82831395976727,200.18592476203418,265.15762728762405,333.25735759499054
2026Q1,2026-09-23 17:59,consensus,el_8.5_16,2027Q3,97.30369092373707,12.987183983594354,17.222367275944606,23.183184243653816,38.79276807882675,69.13376824003927,120.88084815907315,201.79616756023182,276.3833426571254,353.2820940446626
2026Q1,2026-09-23 17:59,consensus,el_8.5_16,2027Q4,114.50008204940764,15.762331834088982,19.83790823674706,26.608846218215888,44.57368797639725,80.3115288968187,142.1559209809701,238.90845579332495,316.1531162344499,408.8367701443609
2026Q1,2026-09-23 17:59,consensus,el_8.5_16,2028Q1,89.05754084805507,11.200867393926512,14.72242891147718,21.13639828217854,35.36311153990882,61.88181221304403,111.81171942324663,180.9820639428614,244.46640450295794,318.0341547425248
2026Q1,2026-09-23 17:59,cbr_base,total_market,2026Q2,20953.06915045451,15521.008984859496,16376.227739257145,17361.61126390145,18960.93992118259,20795.145740951502,22689.075864519626,24717.66335562201,26069.688024937885,27511.21264952434
2026Q1,2026-09-23 17:59,cbr_base,total_market,2026Q3,20583.84049159708,15246.697844793394,16108.45106477653,17003.391844378173,18534.45779566135,20305.395801633982,22363.482603382305,24365.311386270798,26005.290087365855,27398.23771847263
2026Q1,2026-09-23 17:59,cbr_base,total_market,2026Q4,24398.68196854139,17852.698273464823,18825.127572185713,19982.254479623578,21854.2056437738,24039.087161864816,26540.75751753922,29166.284644200972,30990.550318165548,33002.98413550859
2026Q1,2026-09-23 17:59,cbr_base,total_market,2027Q1,17388.067661551813,12884.420312724365,13568.75397340233,14268.444049086522,15508.689594029862,17084.864889941215,18867.525113706426,20728.963623942935,22310.424820331224,24018.336671052904
2026Q1,2026-09-23 17:59,cbr_base,total_market,2027Q2,22974.355322687537,16917.717094521668,17792.90290987197,18786.47482696657,20561.141662616763,22735.455401258176,24977.95504723931,27532.656605440123,29282.598160072863,30717.061703617583
2026Q1,2026-09-23 17:59,cbr_base,total_market,2027Q3,22409.287157086506,16415.987606452785,17167.379242847615,18158.452176306804,19858.16907205733,22037.823540389996,24482.02778571922,27193.644416813433,29172.005866344287,31291.164424485727
2026Q1,2026-09-23 17:59,cbr_base,total_market,2027Q4,26650.164165021277,18941.948166766095,20033.88170493116,21226.322737533785,23371.45781559541,26107.438791086206,29311.894948858488,32563.348431010512,35089.09108741435,38073.400824306285
2026Q1,2026-09-23 17:59,cbr_base,total_market,2028Q1,18991.540364557262,13485.046118156817,14299.190162539786,15129.309842149234,16637.96350138639,18616.489135219417,20841.61253523286,23334.719306296254,25043.917944426452,27166.346125689673
2026Q1,2026-09-23 17:59,cbr_base,total_ice,2026Q2,5243.754645985924,3516.6973801590693,3732.7552156863144,4019.43375151056,4523.220785820127,5136.820091174281,5839.614399805248,6607.757784694375,7159.216391473772,7670.05166755733
2026Q1,2026-09-23 17:59,cbr_base,total_ice,2026Q3,5437.638948690765,3579.5684394310906,3838.457825496248,4126.488960654307,4621.8520301807985,5266.018965930154,6094.823826315576,6979.521751227207,7552.011353280195,8203.17511992317
2026Q1,2026-09-23 17:59,cbr_base,total_ice,2026Q4,6357.648445755668,4170.626431403117,4440.966263212312,4778.266131622455,5404.583550840777,6154.699837963232,7107.846757189029,8189.744082239369,8886.266189297103,9624.210007215033
2026Q1,2026-09-23 17:59,cbr_base,total_ice,2027Q1,4232.958443209949,2808.5930443678976,2970.337987038076,3165.762983584819,3579.742020727359,4096.4842462183315,4716.337683199838,5426.507550710198,5983.445602005795,6527.611245518501
2026Q1,2026-09-23 17:59,cbr_base,total_ice,2027Q2,5095.323980714799,3398.449905056692,3626.2529249525896,3880.1891824606637,4341.722886802539,4918.784097660016,5654.894722380064,6533.682268387956,7105.412552552749,7711.867064050705
2026Q1,2026-09-23 17:59,cbr_base,total_ice,2027Q3,5191.698294484846,3361.4834584288774,3586.8459733859668,3843.9788710754974,4343.4366475563065,4978.896088427733,5858.3346572284545,6803.152365645678,7483.972701208122,8068.872240259065
2026Q1,2026-09-23 17:59,cbr_base,total_ice,2027Q4,6128.013710993095,3890.519450134422,4173.545175666154,4484.811326448572,5056.001237000994,5873.126378356808,6879.436871744989,8099.037367979413,8993.459039132193,9820.987856265932
2026Q1,2026-09-23 17:59,cbr_base,total_ice,2028Q1,4113.101306911132,2656.3103895367267,2798.71973242903,3016.4908326672976,3409.658574117939,3944.1809158824176,4609.806429360021,5407.517614197808,5957.830454336874,6654.656531121912
2026Q1,2026-09-23 17:59,cbr_base,total_electric,2026Q2,15709.314504468584,11410.090993973556,12070.67098821597,12838.251182883876,14124.918454311073,15588.430741619279,17091.623212704784,18684.626366822402,19829.450671918123,20809.939366484567
2026Q1,2026-09-23 17:59,cbr_base,total_electric,2026Q3,15146.201542906314,10920.159159502526,11567.274543040836,12250.878989767316,13519.852669114463,14973.205611381145,16578.3587043651,18240.74255869298,19376.69705698417,20472.845019408673
2026Q1,2026-09-23 17:59,cbr_base,total_electric,2026Q4,18041.033522785725,12890.375556692226,13634.574656601979,14530.990509404885,15997.894414868348,17808.50667160453,19722.656210546374,21774.96529214725,23186.325730965353,24566.4589630876
2026Q1,2026-09-23 17:59,cbr_base,total_electric,2027Q1,13155.109218341866,9546.035574397678,10096.433508843327,10655.199067258573,11718.551415220043,12897.738960688133,14321.616920382556,15840.382542518088,16945.470995999447,18235.52081824064
2026Q1,2026-09-23 17:59,cbr_base,total_electric,2027Q2,17879.031341972735,12875.204677994638,13653.548664654621,14462.435506967551,15888.177911379998,17659.021724704653,19577.38450536192,21514.480878479237,22855.578537805024,24258.61946273238
2026Q1,2026-09-23 17:59,cbr_base,total_electric,2027Q3,17217.58886260166,12156.606445767451,12962.435715780035,13706.87668823996,15161.58912312533,16947.493935549657,18865.484741072134,21187.09221677759,22700.01489599411,24010.566010184302
2026Q1,2026-09-23 17:59,cbr_base,total_electric,2027Q4,20522.150454028182,14229.641501668488,14971.699063521064,16117.164338009141,17831.643845596795,20068.24699288066,22717.32582419835,25369.924149211463,27342.14321411206,29467.254760580196
2026Q1,2026-09-23 17:59,cbr_base,total_electric,2028Q1,14878.439057646134,10354.386834339479,11025.992167529786,11694.058962330324,12973.253268282017,14532.653466449805,16373.311541828298,18383.89398406745,19948.178261631983,21461.746931913414
2026Q1,2026-09-23 17:59,cbr_base,electric_share,2026Q2,0.7497154941063332,0.6673065705657735,0.6849153032584343,0.7034559466956619,0.7309978423167198,0.7554176299195401,0.7742445642666321,0.7892888558950607,0.7968515691087791,0.8012189817756505
2026Q1,2026-09-23 17:59,cbr_base,electric_share,2026Q3,0.7357305597134242,0.6367066253818316,0.6596264744356563,0.6827162655260066,0.7137765099797901,0.7419475851367018,0.7649570872011568,0.7819366087768677,0.791066387515243,0.7979227544584571
2026Q1,2026-09-23 17:59,cbr_base,electric_share,2026Q4,0.7393327597696391,0.6417700426603702,0.6648804593799285,0.6861820615005451,0.7180186360471275,0.7453690280399775,0.7684449087557967,0.784969522167116,0.7937958344446387,0.80021204350984
2026Q1,2026-09-23 17:59,cbr_base,electric_share,2027Q1,0.7566497056642354,0.664628496824163,0.6850917717553006,0.7088187884203784,0.7373723070797925,0.7625739822226607,0.7836487888115339,0.7980415164584364,0.8051986418659082,0.810472919522855
2026Q1,2026-09-23 17:59,cbr_base,electric_share,2027Q2,0.7781426413595437,0.6943831247007848,0.712955894055063,0.7352571657297121,0.7620240644212777,0.7850940798704391,0.8015494967971343,0.8131632075767622,0.8187492569355515,0.8230674615965355
2026Q1,2026-09-23 17:59,cbr_base,electric_share,2027Q3,0.7681317079801843,0.667465674953316,0.6963916881347864,0.7183191467377069,0.7487727107409691,0.7758568657387938,0.796014266597681,0.8099560230952909,0.8163879469661831,0.8213148428887834
2026Q1,2026-09-23 17:59,cbr_base,electric_share,2027Q4,0.7699641110214477,0.6682543277738375,0.6942220236816523,0.7190689829362841,0.7495570877629364,0.7782601373698361,0.7987177614016756,0.8114318499327533,0.8189588360132719,0.8234982566957075
2026Q1,2026-09-23 17:59,cbr_base,electric_share,2028Q1,0.7833079887388731,0.6944052570043557,0.7150667895529522,0.736879795785375,0.7660094879355616,0.7910369262656725,0.8090807265488349,0.8207069172688113,0.8259617926640583,0.8293197259350938
2026Q1,2026-09-23 17:59,cbr_base,ice_1_1.8,2026Q2,1400.7547707136162,704.7812628037575,791.7902522373848,899.2631036207098,1088.8148461354679,1339.8532158087883,1656.9385863223285,1985.8568126772705,2215.14720561865,2386.193015097406
2026Q1,2026-09-23 17:59,cbr_base,ice_1_1.8,2026Q3,1468.601850739513,736.8987101994842,819.8297074541175,929.4405482474289,1127.5094392994783,1399.6644679865576,1735.7664280789322,2092.4435388506085,2336.212429411855,2593.3408046000773
2026Q1,2026-09-23 17:59,cbr_base,ice_1_1.8,2026Q4,1721.484056274863,833.8069870452367,928.0050610398893,1066.333413991535,1319.8844385103214,1646.428464409113,2039.9909610486548,2461.8651348965172,2753.587854533558,3029.9566411096107
2026Q1,2026-09-23 17:59,cbr_base,ice_1_1.8,2027Q1,1140.168822172374,568.2944070170906,628.3228219209221,717.0686933820708,868.5740395019963,1087.9723502410984,1346.2700619430234,1622.5830564017692,1835.0916599830143,2042.0611331819102
2026Q1,2026-09-23 17:59,cbr_base,ice_1_1.8,2027Q2,1382.2242515814332,686.229466188086,765.5684353529682,866.0832775771136,1055.7190423592865,1314.8137587613671,1625.0233752990443,1984.593471773685,2238.690787108776,2492.0140824000523
2026Q1,2026-09-23 17:59,cbr_base,ice_1_1.8,2027Q3,1413.6249184514804,678.2376948297447,757.595046493312,862.1128973065039,1069.1557944567564,1336.4761120559956,1670.1019798503405,2067.851908609045,2332.094710357159,2570.2922398634873
2026Q1,2026-09-23 17:59,cbr_base,ice_1_1.8,2027Q4,1681.2457938134683,810.7595037343759,903.4497894120882,1023.4923667122978,1252.8746853668886,1579.2593311870648,2004.1508829079057,2468.8129785507854,2776.8666068233542,3106.412105432087
2026Q1,2026-09-23 17:59,cbr_base,ice_1_1.8,2028Q1,1124.9364047731976,539.9225182540861,607.4321667784903,685.6767649074864,843.4440852543972,1062.5336512681104,1337.2159697970428,1629.607469182324,1863.402028207088,2076.9919590443633
2026Q1,2026-09-23 17:59,cbr_base,ice_2_2.5,2026Q2,1192.62249678712,688.9325132060223,756.3608167893015,830.4723725807163,972.2381192507428,1158.1984533178174,1371.8432291945887,1598.4094588132107,1768.978089618485,1908.6809294947336
2026Q1,2026-09-23 17:59,cbr_base,ice_2_2.5,2026Q3,1246.1646915619624,726.3050269515753,791.29828238541,860.9850468227269,1007.2798408131065,1195.2503573202853,1439.2557478832853,1694.6843947998143,1845.0623742225948,1994.2750488779222
2026Q1,2026-09-23 17:59,cbr_base,ice_2_2.5,2026Q4,1470.6874825686048,837.9614877459601,914.4054409802551,1006.194099896116,1182.490493608615,1412.6234476380746,1692.5583507642573,2004.990520757525,2222.355624026196,2448.5180948621496
2026Q1,2026-09-23 17:59,cbr_base,ice_2_2.5,2027Q1,994.0422239881235,572.1714054054197,614.5727507588608,682.7186299249905,797.7868875828746,952.6210672226455,1141.0208841195486,1349.6630582993957,1510.5980648747868,1655.2106044545367
2026Q1,2026-09-23 17:59,cbr_base,ice_2_2.5,2027Q2,1197.1441893678252,687.7721856538461,751.0580698284462,827.8145107185833,965.1661614782547,1153.7430480639555,1378.9216772356667,1614.4855931463853,1808.675045670859,1980.9059941113503
2026Q1,2026-09-23 17:59,cbr_base,ice_2_2.5,2027Q3,1223.6790462874383,697.494110408622,753.7805172580154,830.116409698525,982.8965255712103,1165.3614462627158,1417.7979200185964,1684.6182351292166,1865.7432573927952,2059.545657941792
2026Q1,2026-09-23 17:59,cbr_base,ice_2_2.5,2027Q4,1441.5324428231204,805.5048985913501,877.0136711108786,959.4454927823599,1133.5264290449227,1370.2415550760247,1668.4923277633113,2025.26931519372,2247.7155164662936,2476.638424149655
2026Q1,2026-09-23 17:59,cbr_base,ice_2_2.5,2028Q1,974.5573920843294,539.850447098641,587.2591393114506,651.2190358739052,768.5712237448352,926.9331504975581,1119.984179143313,1363.8544624450312,1542.5861352304541,1692.211033999211
2026Q1,2026-09-23 17:59,cbr_base,ice_3_3.5,2026Q2,2052.265902016355,1317.15152202657,1413.02727489837,1506.5405070132083,1731.4382537709303,2000.2587707177404,2309.0438520430826,2650.5252040307732,2894.5713459671383,3104.0802199756163
2026Q1,2026-09-23 17:59,cbr_base,ice_3_3.5,2026Q3,2093.1416987669986,1302.0138728269885,1409.6421342405456,1527.3558796896277,1741.3451478641437,2028.3158214783898,2368.2011502828373,2762.5108423650563,2995.403660399893,3246.7027963262617
2026Q1,2026-09-23 17:59,cbr_base,ice_3_3.5,2026Q4,2418.6958170066296,1487.8000882995261,1610.6871551801553,1747.6688016540077,2011.9944906400872,2326.3367759282137,2733.190396991734,3187.5637170506056,3500.7452166833787,3857.8816951606614
2026Q1,2026-09-23 17:59,cbr_base,ice_3_3.5,2027Q1,1604.1671022354105,996.9793138051726,1076.5391844832898,1156.3094254971622,1325.523235916105,1545.2428193323967,1813.8066809058964,2121.1417243923006,2347.7099646123534,2571.469284278275
2026Q1,2026-09-23 17:59,cbr_base,ice_3_3.5,2027Q2,1914.0337883754107,1191.8573282994184,1291.257212677405,1386.972195964429,1596.8497815430678,1849.363863316564,2165.166535185851,2521.5906061550995,2772.084294263718,2985.1840721400654
2026Q1,2026-09-23 17:59,cbr_base,ice_3_3.5,2027Q3,1939.8645065919557,1174.7360626636325,1265.1622422201024,1387.306828684574,1589.97421407763,1856.3195370431758,2209.9182333505287,2610.569195671863,2899.228132353072,3150.351197941363
2026Q1,2026-09-23 17:59,cbr_base,ice_3_3.5,2027Q4,2276.6569444057195,1353.8472826171403,1477.6812025787467,1592.1168043073637,1839.215569000874,2173.7774611699406,2593.2959512631232,3064.2866955799454,3436.2512350861066,3758.9752107210484
2026Q1,2026-09-23 17:59,cbr_base,ice_3_3.5,2028Q1,1525.3774700333386,915.9989251207018,985.9346605034688,1066.6236339963784,1242.7017528554643,1465.3515639787847,1735.739167801191,2040.0425359044646,2289.9897951171174,2507.8327639675654
2026Q1,2026-09-23 17:59,cbr_base,ice_3.8_5,2026Q2,372.9278708192415,168.5718228539762,190.93682399936438,220.50992049631847,269.66276079803185,351.5317269462191,448.32663101521797,557.7323513333313,632.2818520103377,713.9813399587588
2026Q1,2026-09-23 17:59,cbr_base,ice_3.8_5,2026Q3,384.1226296638132,167.2469098709554,188.51582162929836,215.0603685961425,274.7808478386093,356.13429491148634,464.4317604586828,585.0119183438541,670.354505643684,750.531447280837
2026Q1,2026-09-23 17:59,cbr_base,ice_3.8_5,2026Q4,448.39575495363715,196.21033613816104,219.74255990122504,251.10145652351238,321.5213070679837,415.8520308125204,545.9051927708118,683.6796058788295,786.9879876090154,868.9347738521056
2026Q1,2026-09-23 17:59,cbr_base,ice_3.8_5,2027Q1,291.70598836887933,123.26136350288732,140.6516437218234,164.46371068664473,208.92762205640707,268.7604450190418,350.0248880842695,446.3343702594461,517.4678798500014,584.5808598717736
2026Q1,2026-09-23 17:59,cbr_base,ice_3.8_5,2027Q2,351.365919246198,153.64292449165504,174.0877297995431,199.0722748916104,249.84643373621714,326.50528795700285,421.593308611496,541.0009615823841,613.5799577907729,694.2622048445921
2026Q1,2026-09-23 17:59,cbr_base,ice_3.8_5,2027Q3,357.13637743503153,153.3207215072329,171.66454757185176,196.8837394947317,252.8833003343545,327.40714682158455,430.6314738201255,553.9252252915755,645.7559388192335,734.4799617601915
2026Q1,2026-09-23 17:59,cbr_base,ice_3.8_5,2027Q4,419.28786620376945,171.0947182169226,197.10604702625946,233.49967832254376,294.26611967117435,387.182166129415,507.7952263616044,647.7277096451573,743.5852245415055,841.5899678464081
2026Q1,2026-09-23 17:59,cbr_base,ice_3.8_5,2028Q1,279.5088269934064,117.098441241355,132.84542746392682,154.16967966247645,196.9185251641262,257.8623768142992,334.1418416553479,429.07180704442857,502.22162960768037,573.9190954838905
2026Q1,2026-09-23 17:59,cbr_base,ice_6_8,2026Q2,101.85572178612512,23.050825784456215,29.081862116813113,36.864017842947135,54.8325498803504,83.08851902916476,128.44657426138627,186.3968022749716,238.40421579713774,282.4910734238212
2026Q1,2026-09-23 17:59,cbr_base,ice_6_8,2026Q3,110.6155858735931,24.294993691565928,29.64261296723378,38.10176745884079,57.26521092440275,89.62232748142173,139.71752682512673,205.66286534331584,253.01764921428455,320.80329236041564
2026Q1,2026-09-23 17:59,cbr_base,ice_6_8,2026Q4,134.459580728654,30.948667569401028,38.009709848521084,47.613733872349094,70.30140579965484,109.17020663131518,168.85448074313538,253.81956151653137,311.5095641162579,378.10177390413827
2026Q1,2026-09-23 17:59,cbr_base,ice_6_8,2027Q1,88.97402444440321,20.74098318097494,25.424628092739578,31.9322024746969,46.731376903433144,72.75282757576434,112.35334642473542,163.33208020771298,209.30068089677846,250.71187661620175
2026Q1,2026-09-23 17:59,cbr_base,ice_6_8,2027Q2,109.22874707788799,24.433836737117943,29.659540130198806,37.84320077199029,57.88120504363465,88.31910908317482,136.95380719761945,200.38771216520422,254.20000081719863,314.215731179915
2026Q1,2026-09-23 17:59,cbr_base,ice_6_8,2027Q3,109.86037432087824,24.80316776812899,31.53505275397481,39.9831705360244,58.13388388999647,89.66087024517108,140.53210867720583,201.0194477224707,253.26171085209663,309.9500974382065
2026Q1,2026-09-23 17:59,cbr_base,ice_6_8,2027Q4,133.63225017287544,30.346229721360007,35.98144196262023,45.958009886825636,69.04062415024775,108.28393659261461,168.7515250253594,244.20946723534794,316.52439258310505,389.4466603048284
2026Q1,2026-09-23 17:59,cbr_base,ice_6_8,2028Q1,89.27630885023994,18.909534950177832,24.00821305585609,30.12672780141998,45.667089031366544,71.8502937353646,113.02554800754692,167.0965765291408,211.02630127770834,263.1460622529918
2026Q1,2026-09-23 17:59,cbr_base,ice_8.5_10,2026Q2,81.10220624374668,32.04784238464358,36.77997795235146,42.48215165874693,54.878737273190836,73.92509209873583,98.91891207031307,129.28874416674014,149.22861612981106,171.63170629852488
2026Q1,2026-09-23 17:59,cbr_base,ice_8.5_10,2026Q3,88.06035559887619,34.58734996570972,39.61155249008546,46.42495743523254,59.68537121233837,80.28066253707121,107.59798000920986,139.13487070501998,164.59807213766177,190.80619127174828
2026Q1,2026-09-23 17:59,cbr_base,ice_8.5_10,2026Q4,106.18971752571669,39.766896256684895,46.24712044555393,54.88187740165778,71.68232000835685,96.72174344344728,130.15068914548246,168.98753741560876,195.77224895131613,225.79778796379964
2026Q1,2026-09-23 17:59,cbr_base,ice_8.5_10,2027Q1,73.70591381520029,28.49672158177345,32.967043964980256,38.09405462160758,49.37269445991043,66.58654456213154,90.30958576924765,117.98453491827493,139.36786359918688,160.7677046283224
2026Q1,2026-09-23 17:59,cbr_base,ice_8.5_10,2027Q2,92.06507217807913,35.0413528875673,40.259192681588964,47.71158146031238,61.96384462088167,82.77026197899659,112.82851052278319,148.00986392150696,172.97915116021,204.1785234487683
2026Q1,2026-09-23 17:59,cbr_base,ice_8.5_10,2027Q3,95.48227835449389,34.5747606121547,40.35483137822689,47.69492271582554,62.07306910520231,86.08394401125061,116.44907541950437,155.56572444106996,181.64374171370997,210.48000684044712
2026Q1,2026-09-23 17:59,cbr_base,ice_8.5_10,2027Q4,113.173238161853,41.508810167330694,47.69804215922978,55.46718525090176,73.94538871183764,101.91812618732763,139.39203567189776,184.91936726663377,217.23551110037957,248.66890363869547
2026Q1,2026-09-23 17:59,cbr_base,ice_8.5_10,2028Q1,77.23207899681728,27.88320747894251,32.07428920684221,38.29631510838034,50.66483379536915,70.3422846703165,95.17194687547267,124.59230605273537,144.6240012124435,166.24758827697167
2026Q1,2026-09-23 17:59,cbr_base,ice_11_18,2026Q2,35.76369990020157,3.2050431351707513,4.600583837345609,6.464101268679605,11.683257611625976,22.49538143796132,44.58274418074047,77.63557075486935,105.84163598199228,145.83352036570167
2026Q1,2026-09-23 17:59,cbr_base,ice_11_18,2026Q3,39.69691983259159,3.575557811489162,4.835082909736016,6.963637928400887,12.594882263855489,24.71021646639469,48.13214419674396,86.14399274935185,123.1963833818819,159.67386793499372
2026Q1,2026-09-23 17:59,cbr_base,ice_11_18,2026Q4,49.10563787917253,4.275860345380627,6.163367183696186,8.546249298565629,15.768826319493805,30.72658427136976,59.11431961117865,106.1888263411094,152.05526883383635,206.6331006504343
2026Q1,2026-09-23 17:59,cbr_base,ice_11_18,2027Q1,34.38855768505353,3.009607366449174,4.001418462621417,5.9719144582382535,11.042517240390755,21.34131375642084,42.4050167202327,74.61650531155269,110.00163315501888,142.61326376246794
2026Q1,2026-09-23 17:59,cbr_base,ice_11_18,2027Q2,41.99080457610508,3.7211936410387487,4.8952196319279455,7.137596062310604,13.028697866816092,26.29428366228578,49.641232121955596,92.55027540474926,132.7605379221197,177.2460042325088
2026Q1,2026-09-23 17:59,cbr_base,ice_11_18,2027Q3,44.53430856559679,3.8670127088395385,5.329347568748981,7.73848440572145,14.141090006659597,27.768717424705905,54.050507766935965,98.91368479465353,139.25306213231252,189.66567819580524
2026Q1,2026-09-23 17:59,cbr_base,ice_11_18,2027Q4,53.28202214497376,4.772309948793294,6.294902635176031,8.97559543967162,16.66490761148963,32.93032542132607,65.79035071960168,119.15309037570732,170.6747208059079,228.75952520938384
2026Q1,2026-09-23 17:59,cbr_base,ice_11_18,2028Q1,36.014742651509124,3.0485565808093713,4.366840714441501,6.430579452789697,11.680307762690461,22.162110317124164,44.04865995783533,79.76716706255344,115.11216765766459,151.93534104496786
2026Q1,2026-09-23 17:59,cbr_base,ice_20_25,2026Q2,6.46197771951729,1.247116242190425,1.566845578896102,2.008937240228914,3.0742898538440087,5.039029071170173,8.019103470730084,12.732306745392657,16.59999593348716,19.926873071064897
2026Q1,2026-09-23 17:59,cbr_base,ice_20_25,2026Q3,7.235216653416582,1.3269386771114602,1.6683480526221646,2.1237343957019563,3.3025291522771045,5.520705263245637,8.99210222200875,14.386294477394985,19.008563212145607,23.184290822641803
2026Q1,2026-09-23 17:59,cbr_base,ice_20_25,2026Q4,8.630398818389807,1.5826549438815551,1.9708924147040279,2.5283404436713965,3.9578810365243293,6.6701320213018676,10.636570922752806,16.4587831261666,21.66039003553793,28.43782463333111
2026Q1,2026-09-23 17:59,cbr_base,ice_20_25,2027Q1,5.805810500505275,1.0604757317021247,1.3417714849281404,1.7036987224101428,2.730300387371914,4.432507829013048,7.245319176678427,11.472585861911616,14.936672714178263,18.52660775343883
2026Q1,2026-09-23 17:59,cbr_base,ice_20_25,2027Q2,7.271208311860065,1.3683986228776228,1.7250555279837678,2.1980683829611314,3.330843716325507,5.3949298193372055,8.935232287590088,14.338140016985733,19.123078069671433,24.64327477373856
2026Q1,2026-09-23 17:59,cbr_base,ice_20_25,2027Q3,7.516484477971511,1.2663440393905472,1.6541856125343681,2.131924974750011,3.3791469898428157,5.656715514102974,9.295528909940476,14.614688693535463,19.392747663351376,25.192863846040186
2026Q1,2026-09-23 17:59,cbr_base,ice_20_25,2027Q4,9.203153267314196,1.5974023457669806,2.0348747253394164,2.6439057717640835,4.167205440696088,6.956103548743956,11.679253985579896,17.849180542993064,23.740735544931194,30.779910193786893
2026Q1,2026-09-23 17:59,cbr_base,ice_20_25,2028Q1,6.198082528293633,1.1393279621665833,1.3955579596745558,1.7980033650181886,2.783318138867448,4.652759976049719,7.819393901604661,12.332417767312128,15.901887628528014,20.013730872675353
2026Q1,2026-09-23 17:59,cbr_base,el_1_1.8,2026Q2,7277.833283246892,5157.878900592588,5425.52440120722,5814.302052818483,6446.058640759306,7196.054843340734,8027.34296078978,8826.980776604443,9388.590086652908,9910.349562908767
2026Q1,2026-09-23 17:59,cbr_base,el_1_1.8,2026Q3,6892.949205247759,4777.102580175717,5120.712564184164,5456.995035607875,6094.497831201586,6785.932542684461,7606.270312491199,8407.98780010094,8982.97803487862,9599.271682698796
2026Q1,2026-09-23 17:59,cbr_base,el_1_1.8,2026Q4,8087.928098255972,5593.718393215244,5935.494560414822,6356.369275580113,7090.871769317977,7963.492566116001,8921.498128153371,9940.976869757227,10609.665285821926,11313.68368421084
2026Q1,2026-09-23 17:59,cbr_base,el_1_1.8,2027Q1,5835.750751125291,4118.459240408334,4342.875429989664,4618.462431765212,5121.69788177563,5724.046293544205,6410.935084268539,7170.355420740789,7713.7817467074565,8270.424510073135
2026Q1,2026-09-23 17:59,cbr_base,el_1_1.8,2027Q2,7859.020818210644,5471.2523542716735,5800.181792528463,6239.391267859368,6915.158166550416,7756.832730185616,8671.407061671393,9583.383478908325,10283.940157439325,10885.278506018738
2026Q1,2026-09-23 17:59,cbr_base,el_1_1.8,2027Q3,7520.758861727759,5143.951155187339,5474.122780799179,5871.982723455037,6530.668264676955,7376.295727212759,8363.948376960989,9377.468342412478,10070.63011826233,10738.408361576585
2026Q1,2026-09-23 17:59,cbr_base,el_1_1.8,2027Q4,8903.137524764421,5873.2147605817545,6327.81886953816,6828.175323562628,7680.764734932298,8693.992231257724,9941.996911918108,11178.612190603779,12116.771676534638,13086.024167641131
2026Q1,2026-09-23 17:59,cbr_base,el_1_1.8,2028Q1,6415.804428540956,4295.280825077627,4619.8448139650645,4903.687405360864,5532.378216041744,6281.512652559356,7129.114817761249,8088.7606136623635,8772.086860990197,9522.984104135112
2026Q1,2026-09-23 17:59,cbr_base,el_2_2.5,2026Q2,4335.895418104041,2925.011016667613,3104.592560944007,3345.272349080635,3786.1496712671105,4270.728504497847,4824.821527054695,5353.024185323784,5755.28897829246,6060.8410976196365
2026Q1,2026-09-23 17:59,cbr_base,el_2_2.5,2026Q3,4161.3251134749735,2751.2465488324524,2944.1331597035437,3188.348401294555,3610.7396815001634,4086.07370948093,4630.740873136039,5207.247242854967,5622.944214438912,5978.484732104905
2026Q1,2026-09-23 17:59,cbr_base,el_2_2.5,2026Q4,4913.906381715571,3272.363666575612,3449.8205112216897,3756.340529938492,4242.988248089731,4820.253201152505,5473.940495626826,6162.105225293505,6669.7621312058345,7189.417408686926
2026Q1,2026-09-23 17:59,cbr_base,el_2_2.5,2027Q1,3582.410361179094,2398.4829611547934,2548.9820753837444,2754.2431053824116,3094.6679570377273,3500.9913288283096,3982.7972044988956,4507.560201941972,4824.309223661986,5199.16881094971
2026Q1,2026-09-23 17:59,cbr_base,el_2_2.5,2027Q2,4855.532228391072,3218.7903071370215,3450.991500653619,3728.068167055696,4210.4446997800005,4777.130518520249,5409.945158446119,6067.733560092891,6501.269893633743,6918.532764445219
2026Q1,2026-09-23 17:59,cbr_base,el_2_2.5,2027Q3,4654.947779627347,3048.1353551383577,3260.321931024605,3512.0560315484017,3976.512187161972,4540.6369483027265,5222.636858971135,5963.450095840776,6393.900693337447,6793.068986860551
2026Q1,2026-09-23 17:59,cbr_base,el_2_2.5,2027Q4,5530.080285489237,3533.2524649532106,3790.8525953254566,4122.651057890444,4709.032745764331,5389.971731548598,6199.376988913319,7071.991885988735,7705.323268485257,8356.68512118539
2026Q1,2026-09-23 17:59,cbr_base,el_2_2.5,2028Q1,4008.796514900204,2597.6664686698036,2757.214607435159,3000.1804048403915,3397.462143103964,3915.477347539517,4476.8428634491565,5194.336676069021,5650.302614967624,6019.395617926931
2026Q1,2026-09-23 17:59,cbr_base,el_3_3.5,2026Q2,3321.3411970326983,1931.1873229690975,2104.950296307485,2345.1033363480697,2731.959442238333,3221.6582317047328,3822.711654342527,4444.2429241066,4849.044845146301,5114.748436886623
2026Q1,2026-09-23 17:59,cbr_base,el_3_3.5,2026Q3,3312.8298145939457,1915.7866141689888,2065.8449675240545,2280.998182336509,2695.364175157258,3233.736305287618,3821.540278138761,4415.187348446643,4845.496062896087,5220.63333118694
2026Q1,2026-09-23 17:59,cbr_base,el_3_3.5,2026Q4,4043.4924711834983,2342.5469242120266,2534.7746185816154,2776.1609865935807,3281.2788753025284,3935.5531180550815,4642.045121852764,5423.415109448431,5983.970984247701,6582.737485973969
2026Q1,2026-09-23 17:59,cbr_base,el_3_3.5,2027Q1,2985.885602478649,1727.6142170620749,1877.2830516391084,2066.841370123708,2414.2659240965045,2879.2094405836597,3468.4306308210494,4006.6394751766193,4403.413449084307,4827.601923200045
2026Q1,2026-09-23 17:59,cbr_base,el_3_3.5,2027Q2,4129.954465218575,2348.9376529303345,2555.1634476700206,2852.021875599474,3350.1951884573523,4030.407930893345,4753.166701159784,5524.216186573746,6112.984752195021,6594.867790689287
2026Q1,2026-09-23 17:59,cbr_base,el_3_3.5,2027Q3,4018.653672178004,2277.5702671167264,2470.7315940765175,2752.323685317632,3239.3886798147914,3870.4606328418704,4659.525385993872,5495.288915758268,6052.919604398384,6546.465476762152
2026Q1,2026-09-23 17:59,cbr_base,el_3_3.5,2027Q4,4839.606368889766,2659.94976410279,2903.461419949285,3233.560726759575,3859.022365084131,4652.949754334887,5603.822647503049,6655.557084645544,7421.218430862135,7997.992065299927
2026Q1,2026-09-23 17:59,cbr_base,el_3_3.5,2028Q1,3535.6438205253257,2015.790102138011,2191.227182059153,2395.7964162694107,2841.396556396346,3431.669515888945,4092.376101380886,4816.183410682021,5299.21267312556,5792.604872573796
2026Q1,2026-09-23 17:59,cbr_base,el_3.8_5,2026Q2,621.0992625987028,287.7200605919034,325.71888687419226,367.8627708427098,456.0990511315025,581.024229678238,742.0887919465647,922.5888516532611,1058.7072813036218,1200.1537076534178
2026Q1,2026-09-23 17:59,cbr_base,el_3.8_5,2026Q3,623.7470400667195,287.9814102977355,318.8897048466661,370.4818359942722,461.8856071117857,587.9358665367547,741.112891558512,926.8893307531395,1048.0595825354658,1168.9191467381916
2026Q1,2026-09-23 17:59,cbr_base,el_3.8_5,2026Q4,790.3422540383903,361.6852169745401,403.23297189409607,461.80693281104044,577.4768752097539,735.5160429562168,950.5333125904149,1189.058921623512,1349.4214022930978,1507.0764236391433
2026Q1,2026-09-23 17:59,cbr_base,el_3.8_5,2027Q1,594.2437459772037,266.55711050000605,299.960881851326,343.5431919545389,431.6119790264337,555.1700203292418,714.5856703498874,884.0688148940682,1015.101559536214,1169.3592273806416
2026Q1,2026-09-23 17:59,cbr_base,el_3.8_5,2027Q2,815.8482414958899,367.6800554795794,413.2614921144417,474.67835530683794,595.0020812441824,771.9601849321763,974.766243956482,1225.2722460872333,1387.223101421226,1549.5350530099352
2026Q1,2026-09-23 17:59,cbr_base,el_3.8_5,2027Q3,803.194497484809,362.14692940418234,404.1463490554091,465.1259632811266,582.8253283999103,748.911936788279,963.6198130719362,1210.14929297755,1394.7961126772436,1538.748911303502
2026Q1,2026-09-23 17:59,cbr_base,el_3.8_5,2027Q4,980.032372194387,420.9752139715909,479.7564492567042,558.5215899917151,701.3771934888603,909.5305484008575,1175.4095276165697,1468.1018171219027,1734.5469376080357,1977.8902485107255
2026Q1,2026-09-23 17:59,cbr_base,el_3.8_5,2028Q1,715.4920659166195,318.5634326223307,354.9101526168943,410.8724485593164,513.7549998073551,665.6832896476583,855.6537593857933,1085.6580474811724,1249.2613043563238,1412.1301994628545
2026Q1,2026-09-23 17:59,cbr_base,el_5.5_8,2026Q2,90.19477355251048,6.227135701349877,9.015503307592065,13.35157966461197,24.290340363409086,50.93707741019437,105.00895710994001,205.0941689733787,295.19831126033876,400.69597816815207
2026Q1,2026-09-23 17:59,cbr_base,el_5.5_8,2026Q3,89.18443199678845,6.63011776500962,9.133491279924508,13.106824445401733,24.5229425569462,50.412447688235495,105.49402428526074,201.13689192676293,302.5855687984902,403.9655785907563
2026Q1,2026-09-23 17:59,cbr_base,el_5.5_8,2026Q4,116.16932849482578,7.4948061356203795,10.4314947624602,15.66304735868343,30.862581017820347,63.906111257972654,133.77591790872512,261.85177579344554,385.3593245382894,560.351452185688
2026Q1,2026-09-23 17:59,cbr_base,el_5.5_8,2027Q1,88.7548485622509,5.95247744616668,8.100480353862912,12.630649275526064,24.302863215670513,48.905575151639084,102.7454564912847,203.11181962222165,302.0008148636106,425.88116176377395
2026Q1,2026-09-23 17:59,cbr_base,el_5.5_8,2027Q2,122.14376038730148,8.419791626093806,11.84124073454694,17.707663018254056,32.10503257572209,67.94897561738063,143.38156871981275,276.01305854679146,402.51507968718516,559.9079340329221
2026Q1,2026-09-23 17:59,cbr_base,el_5.5_8,2027Q3,123.57373320970932,7.730465882146797,11.13962330015961,17.106082157699497,33.28239864808296,68.87675093396203,141.90129586623402,281.5642191783627,411.20766537830656,565.9273854409597
2026Q1,2026-09-23 17:59,cbr_base,el_5.5_8,2027Q4,147.48842638408587,9.944255381082186,13.139853342744193,19.99410418553236,39.03445104978666,80.86844030429216,163.15798672055985,321.3996656081331,494.63499311604124,732.1540958510537
2026Q1,2026-09-23 17:59,cbr_base,el_5.5_8,2028Q1,111.96540362681714,6.8643547503772835,9.415681845842295,14.358980701204564,28.605572299462295,60.86930744560787,131.58273201712427,252.1096569329879,369.18239319834834,530.6143487688889
2026Q1,2026-09-23 17:59,cbr_base,el_8.5_16,2026Q2,62.95056993374113,8.919087961710908,11.66000342488063,16.012056750303245,25.7623120613598,45.41660420672984,77.84017516814085,131.15713247668148,179.49579319236545,216.74829596438795
2026Q1,2026-09-23 17:59,cbr_base,el_8.5_16,2026Q3,66.16593752612773,10.051498889573681,12.719470642996693,17.09466573938855,27.237783524982035,48.08366294506144,83.34744036555156,136.721417241019,178.84485864084317,222.08089498850435
2026Q1,2026-09-23 17:59,cbr_base,el_8.5_16,2026Q4,89.19498909746244,12.431300135182104,16.183236006005284,22.0720835342308,37.211172074310355,64.03287347666759,108.9979151932626,181.78543403331224,251.6813576371825,314.69758975029936
2026Q1,2026-09-23 17:59,cbr_base,el_8.5_16,2027Q1,68.06390901937769,9.847464687493998,12.538246973263687,16.84200050409868,27.74784326499292,49.48644178031098,85.4827953270188,143.2133118618466,188.88192621112972,236.20329805944863
2026Q1,2026-09-23 17:59,cbr_base,el_8.5_16,2027Q2,96.53182826925337,13.743251298885298,18.464859210773653,24.163745088754798,39.79202443746639,69.4219558965392,119.52784181339818,199.5126254758646,267.40026246893405,350.4428639277384
2026Q1,2026-09-23 17:59,cbr_base,el_8.5_16,2027Q3,96.46031837403099,13.088324755791858,17.543392358829387,24.086554033576103,39.36206040851785,69.22404090696163,121.4236484939871,197.82027319143413,264.42428986188037,347.90761451453767
2026Q1,2026-09-23 17:59,cbr_base,el_8.5_16,2027Q4,121.80547630628784,16.13940194403381,21.412776558577463,28.66884392313121,47.59338093967494,85.60573545352813,151.31708528309352,255.7488972237739,344.71672271503,447.92936658429744
2026Q1,2026-09-23 17:59,cbr_base,el_8.5_16,2028Q1,90.73682413620986,12.442859638735289,16.10059072433669,21.525670575778598,36.20111048536609,64.5761970566495,112.90132848680797,189.50560428071546,257.1101054906477,323.3284439864398
2026Q1,2026-09-23 17:59,minek_base,total_market,2026Q2,20874.485248385423,15421.896087391939,16256.972755977486,17382.427217523564,18945.88942137023,20643.021778012477,22544.076856566913,24628.45965146926,26224.447073147687,27690.311972902447
2026Q1,2026-09-23 17:59,minek_base,total_market,2026Q3,21847.40529375834,16117.77941657913,16943.088221836784,17912.09891784536,19489.198196822756,21477.069738484388,23850.49271619317,26130.862986427757,27816.725568659378,29662.907319362654
2026Q1,2026-09-23 17:59,minek_base,total_market,2026Q4,25779.562670233554,18565.546641062174,19576.774879082874,20784.5955594048,22829.383146349523,25380.642433490208,28098.05996154131,31279.69027311983,33744.18517639181,35739.252281065324
2026Q1,2026-09-23 17:59,minek_base,total_market,2027Q1,17594.85321082511,13011.059118476156,13610.57846530368,14485.693698724805,15637.38188633437,17214.503145412316,19148.754102355528,21228.113380796854,22863.08576106888,24137.827027422725
2026Q1,2026-09-23 17:59,minek_base,total_market,2027Q2,22916.988873917468,16840.46469575357,17723.589791146434,18755.94467475191,20505.22578322157,22587.107222132567,24917.977197315333,27433.0110046455,29133.23939233403,30872.61854786989
2026Q1,2026-09-23 17:59,minek_base,total_market,2027Q3,23957.95939797522,16876.222050233053,17814.770424173184,18862.967666965214,20812.566204911265,23437.537819081,26387.654789251545,29546.56693052199,31948.271834804433,34413.42416917288
2026Q1,2026-09-23 17:59,minek_base,total_market,2027Q4,28396.510584654905,19725.461102740548,20714.151373601293,22037.74381395448,24654.59097876838,27669.50445385724,31262.875956359137,35508.13327757796,38394.647718023116,41726.65824738759
2026Q1,2026-09-23 17:59,minek_base,total_market,2028Q1,19414.37973853731,13775.677131584216,14517.07855237752,15393.636254492447,16891.121194664524,18881.782014873665,21413.51199405233,24049.791999865378,26157.414467074068,28007.926507282733
2026Q1,2026-09-23 17:59,minek_base,total_ice,2026Q2,5251.392996011357,3559.3358400887078,3802.8796918849057,4042.520243329303,4520.356197461145,5102.135719080365,5810.481724747137,6616.824007283066,7256.565426375253,7812.570870492742
2026Q1,2026-09-23 17:59,minek_base,total_ice,2026Q3,5773.130680146574,3827.2209399378667,4080.9286472998315,4340.439721713417,4867.907566624015,5580.443530806224,6462.654853961609,7446.369192230979,8146.086761511293,8849.049360082347
2026Q1,2026-09-23 17:59,minek_base,total_ice,2026Q4,6700.179634574234,4363.760869506344,4680.64465321309,5001.743457652917,5607.555763257998,6477.740332503741,7503.446459749032,8660.488572287708,9479.994353521715,10354.093312949857
2026Q1,2026-09-23 17:59,minek_base,total_ice,2027Q1,4290.516522326598,2874.3693816195287,3033.5914083273565,3223.307834162044,3617.133184372865,4124.268530901309,4796.847946348325,5551.260132206697,6054.05072547542,6569.8220392762705
2026Q1,2026-09-23 17:59,minek_base,total_ice,2027Q2,5075.707680508421,3420.550747493083,3634.1107578232363,3859.7332174016024,4302.325562748871,4889.221029223871,5629.100825776734,6523.918879130936,7174.336131947958,7851.613376064461
2026Q1,2026-09-23 17:59,minek_base,total_ice,2027Q3,5572.467013343889,3502.7757922329642,3709.634592754313,4011.9331259752835,4599.258017941552,5340.039926497673,6255.711936577613,7482.650949017919,8265.029876322928,9243.385483319194
2026Q1,2026-09-23 17:59,minek_base,total_ice,2027Q4,6502.931043421506,4072.528974361133,4293.499593471547,4655.819221216556,5333.20686473314,6180.102866864756,7371.791746508134,8712.425151682506,9734.54218998295,10897.746350537616
2026Q1,2026-09-23 17:59,minek_base,total_ice,2028Q1,4196.9127556483545,2697.834665022758,2858.6783549063143,3065.909440134384,3455.3432624995476,3998.9291776759233,4718.777819310334,5592.573765606321,6161.790690384189,6846.392562956525
2026Q1,2026-09-23 17:59,minek_base,total_electric,2026Q2,15623.092252374065,11373.140574230132,12005.1940378809,12781.118447814419,14072.866661421971,15458.83313622402,16998.43909476164,18571.311672042597,19915.08618512784,20960.834683361863
2026Q1,2026-09-23 17:59,minek_base,total_electric,2026Q3,16074.27461361177,11541.953999196585,12197.07516742676,12897.7747606112,14257.622066520289,15825.229809162664,17632.532379711512,19417.845339929936,20784.771105531996,21983.88402223056
2026Q1,2026-09-23 17:59,minek_base,total_electric,2026Q4,19079.38303565932,13367.74975603223,14140.335569089131,15067.08915045509,16774.666494735808,18773.978669077784,20997.676365580788,23389.76074831474,25051.82955905221,26789.41572582682
2026Q1,2026-09-23 17:59,minek_base,total_electric,2027Q1,13304.336688498508,9612.344795618692,10122.621223202575,10729.773746468181,11762.584610013828,13039.794179776272,14552.756721767933,16233.703042902609,17363.4052060853,18556.838545137984
2026Q1,2026-09-23 17:59,minek_base,total_electric,2027Q2,17841.28119340905,12837.79278923074,13583.998903976671,14408.997440157276,15900.02200802286,17552.9179161012,19486.5015873697,21525.53886014104,22955.618275210552,24115.039684372176
2026Q1,2026-09-23 17:59,minek_base,total_electric,2027Q3,18385.492384631336,12714.460195242114,13403.250619064791,14289.980255899682,15906.525045808603,17929.477801865818,20404.444707292154,22855.56198881958,24702.38761909737,26605.51340731877
2026Q1,2026-09-23 17:59,minek_base,total_electric,2027Q4,21893.579541233397,14711.836872182059,15658.85470013154,16815.241947132195,18916.215497121157,21301.26849131458,24300.587054880696,27705.383472036832,30028.424591589268,32193.273558971483
2026Q1,2026-09-23 17:59,minek_base,total_electric,2028Q1,15217.466982888958,10529.946384657742,11150.842600209027,11904.415325055712,13194.546924429493,14797.292511767158,16857.00556552415,19048.971701483097,20573.916118434947,21944.619395010508
2026Q1,2026-09-23 17:59,minek_base,electric_share,2026Q2,0.7484221428175539,0.6620533539876863,0.6821519055272629,0.7012744871279277,0.7289116493870335,0.7541468323820888,0.773788332948234,0.788017164589124,0.7952823527219993,0.8017291601783182
2026Q1,2026-09-23 17:59,minek_base,electric_share,2026Q3,0.7357583846400156,0.641596937058255,0.6603291137924753,0.6831630785729007,0.7131616925300913,0.7419163879695366,0.7642763187228497,0.7815038768371401,0.7899979169484312,0.7981816963752048
2026Q1,2026-09-23 17:59,minek_base,electric_share,2026Q4,0.7399265040786943,0.6415382838196284,0.663232704405613,0.6873744356788267,0.71889166437985,0.7465913715429353,0.7684626237232294,0.7849774278521547,0.7931902984419535,0.8001257351557526
2026Q1,2026-09-23 17:59,minek_base,electric_share,2027Q1,0.7560670348277361,0.6633422087545819,0.6845157542247172,0.7048401152275394,0.7364627960053758,0.7628495170179743,0.7837195944644488,0.7970891828172159,0.8055074017435938,0.8111583714105963
2026Q1,2026-09-23 17:59,minek_base,electric_share,2027Q2,0.7784487300963305,0.6926985549291927,0.7127462406804032,0.7342129202088277,0.7634101701820768,0.7856610145894749,0.8025550402291749,0.81384393192056,0.819533773613683,0.8233839183299388
2026Q1,2026-09-23 17:59,minek_base,electric_share,2027Q3,0.7674575387177065,0.6662666812849252,0.6909431381808999,0.7146470639199385,0.7477692847423728,0.7751885348832522,0.795776577614602,0.8094867058592274,0.8159237491650755,0.8212010842740564
2026Q1,2026-09-23 17:59,minek_base,electric_share,2027Q4,0.7708822422109131,0.6639982606428438,0.6928817038274001,0.7180794833593204,0.7518311932483073,0.7795704772124636,0.8001350478907687,0.8136332739237077,0.8194182320440131,0.8238381784372873
2026Q1,2026-09-23 17:59,minek_base,electric_share,2028Q1,0.7838088658579245,0.6915945282760716,0.7123651192929025,0.7390229217764621,0.7670663210967624,0.7916865623822932,0.809806743344377,0.82129276676619,0.8267266662939757,0.8309166691783902
2026Q1,2026-09-23 17:59,minek_base,ice_1_1.8,2026Q2,1399.00273729626,724.2708182001759,791.3779514406897,889.0189288369866,1076.506473168205,1337.749750949507,1646.8975610749194,1994.191022762221,2240.7348818117307,2437.969942930185
2026Q1,2026-09-23 17:59,minek_base,ice_1_1.8,2026Q3,1554.9804299175155,765.3470417512737,852.2370937598869,970.7505243013705,1176.6128859801588,1472.8413559965925,1838.166605821672,2262.938216746217,2557.460674651588,2819.152161855376
2026Q1,2026-09-23 17:59,minek_base,ice_1_1.8,2026Q4,1798.938660575755,871.5006626411268,974.2851556757565,1102.951179499568,1352.9800750476193,1707.604855174273,2138.9017703082127,2621.12614492604,2936.39915063743,3254.577058806914
2026Q1,2026-09-23 17:59,minek_base,ice_1_1.8,2027Q1,1163.350644095515,567.866942578538,637.8308058868663,725.6976812522472,883.0571755986292,1100.6196245540698,1379.1003684443422,1668.5742686277692,1888.0478724158836,2092.493798771318
2026Q1,2026-09-23 17:59,minek_base,ice_1_1.8,2027Q2,1381.9747732109736,682.9994892546692,766.737872325154,865.6240520096895,1058.0008774995013,1315.2113116399319,1627.7749143893225,1984.0372333915243,2255.9042625357524,2492.9381097776154
2026Q1,2026-09-23 17:59,minek_base,ice_1_1.8,2027Q3,1513.4804654176492,714.8522738379622,804.6693639934607,913.127862936437,1133.3804509912588,1415.9350042353901,1797.570862489959,2220.933862655162,2524.3370960908915,2793.1833107100124
2026Q1,2026-09-23 17:59,minek_base,ice_1_1.8,2027Q4,1781.360056813288,833.119223194882,930.0335226370283,1060.5815033801844,1314.6580884580876,1668.1688182557025,2109.528945821674,2633.131237175641,3010.4544717443287,3452.397383148718
2026Q1,2026-09-23 17:59,minek_base,ice_1_1.8,2028Q1,1151.5065752897365,550.1390360114985,618.6909371621963,702.8940004006538,861.5221778938171,1082.5282909639723,1361.007788878379,1684.2009785053563,1910.2736478704371,2144.1831326424917
2026Q1,2026-09-23 17:59,minek_base,ice_2_2.5,2026Q2,1201.2381967189015,696.1428326792411,760.0477877556896,842.0078448024359,982.2359333020777,1164.609684661335,1375.52369453957,1614.6157443321968,1777.28631205965,1938.0071920780963
2026Q1,2026-09-23 17:59,minek_base,ice_2_2.5,2026Q3,1329.602982827843,771.1170900896684,831.2647131876857,917.9391841084578,1076.8053509853662,1276.2688249327646,1522.9980212903138,1812.5891296349755,2015.2051350640686,2210.567873285305
2026Q1,2026-09-23 17:59,minek_base,ice_2_2.5,2026Q4,1561.3438401982114,882.9540447143778,962.3831549791582,1063.6617138566276,1258.677342953029,1497.559163055732,1803.7066200184859,2127.1167635890656,2377.6391478246014,2599.01353029403
2026Q1,2026-09-23 17:59,minek_base,ice_2_2.5,2027Q1,1004.0917993956139,580.5382887655122,626.8700885433063,690.2625183410274,804.2019467772069,965.3009831374918,1159.5955497705509,1358.9181095662627,1507.1523984437738,1643.7645718636488
2026Q1,2026-09-23 17:59,minek_base,ice_2_2.5,2027Q2,1195.5344302796163,686.1758882552033,741.6831793849512,822.8397105970733,964.1077337761621,1145.2734315819453,1368.390185544808,1638.812102562227,1808.165093959388,1984.0737621889064
2026Q1,2026-09-23 17:59,minek_base,ice_2_2.5,2027Q3,1321.9188382774364,714.0694799575197,792.0053772583392,873.8436700592016,1031.9014787572687,1260.6399303714668,1530.893024455213,1850.5894976032682,2096.8234407074365,2318.617145252017
2026Q1,2026-09-23 17:59,minek_base,ice_2_2.5,2027Q4,1540.7303791909567,840.8666807017885,910.735494505925,1004.7850852092809,1198.0878988852392,1462.693581012793,1779.5212346063513,2167.1512836756724,2468.5588559589055,2741.2767452535295
2026Q1,2026-09-23 17:59,minek_base,ice_2_2.5,2028Q1,996.3882685802661,548.873105317879,601.0208792408241,660.3999133556791,775.8020176788434,945.111350872458,1156.7896132567428,1395.1629192732796,1567.2180734596757,1780.204872729266
2026Q1,2026-09-23 17:59,minek_base,ice_3_3.5,2026Q2,2052.2343854685996,1297.8217427444229,1397.6857392674638,1515.1674610881332,1727.8876677566068,1996.778439347475,2309.801283856811,2666.1931549745887,2899.2935477680176,3166.4374563819706
2026Q1,2026-09-23 17:59,minek_base,ice_3_3.5,2026Q3,2225.3176277928433,1393.8753548597144,1504.7970017585174,1620.4097342901985,1845.1963686285662,2145.5176921941083,2515.2494560737437,2931.2244111254495,3248.215464666744,3590.9736307251874
2026Q1,2026-09-23 17:59,minek_base,ice_3_3.5,2026Q4,2562.7928975203404,1579.8813458782874,1690.4535500156762,1841.6555747332568,2103.7809954490162,2479.706663272335,2910.99518442329,3391.308326198634,3749.4833708602014,4082.0526394397007
2026Q1,2026-09-23 17:59,minek_base,ice_3_3.5,2027Q1,1619.4240753234758,1011.4801918210161,1079.1070401145205,1174.7116743564736,1337.2167279002217,1562.1728079311938,1839.3438672539553,2133.972613181204,2345.8758909339904,2574.8943305534735
2026Q1,2026-09-23 17:59,minek_base,ice_3_3.5,2027Q2,1901.5497610936334,1202.2316478664864,1282.9326358977685,1374.8275860699314,1579.6097807321391,1833.6750211063475,2137.0022788457222,2496.1029642915155,2774.2106754324673,3003.8480257739907
2026Q1,2026-09-23 17:59,minek_base,ice_3_3.5,2027Q3,2079.0314931751354,1229.1246549837897,1320.414609096164,1440.9053579439376,1672.9311042258353,1990.3362687319686,2370.482597802511,2832.968543944596,3202.096379131394,3517.5797708533632
2026Q1,2026-09-23 17:59,minek_base,ice_3_3.5,2027Q4,2413.938147877097,1408.7931606695724,1527.4418523852885,1669.6233753020283,1937.6715649425087,2294.119911580691,2762.2414703250893,3287.2705029324725,3698.966740824661,4100.071408321781
2026Q1,2026-09-23 17:59,minek_base,ice_3_3.5,2028Q1,1552.0067655800729,931.5416605503864,1008.1192734896009,1087.6494385076296,1241.8679653722966,1477.29220331321,1772.2613798416457,2103.8046398403535,2355.894512729873,2602.661840321412
2026Q1,2026-09-23 17:59,minek_base,ice_3.8_5,2026Q2,372.96826591432387,161.2910743032916,187.2265460111407,214.97116112648902,271.01981119691555,348.5924416041662,446.5579200131239,561.7229719617459,634.919799428072,722.2922823739879
2026Q1,2026-09-23 17:59,minek_base,ice_3.8_5,2026Q3,405.2378325197762,179.14092378691834,202.53923901883536,229.0978979446868,289.72648348552286,374.1171202397786,485.8132401628518,616.0762448431582,717.4429760558716,805.8763419617643
2026Q1,2026-09-23 17:59,minek_base,ice_3.8_5,2026Q4,469.99829016083,201.65146646540916,227.96080680693586,263.9003566107277,333.92086273102984,437.03817199222397,566.4082630857201,723.4637664475816,819.2835440241223,919.841012831129
2026Q1,2026-09-23 17:59,minek_base,ice_3.8_5,2027Q1,298.9837008184504,127.0620593749012,144.5853623328199,167.29712099301508,214.21552375216197,276.6845709391472,359.9376294575967,458.3416502328835,525.2802409399166,604.4831356748008
2026Q1,2026-09-23 17:59,minek_base,ice_3.8_5,2027Q2,348.8736287486198,149.21578334744635,174.13606253447512,197.709979893643,252.36143586126187,325.9483148063482,420.5129248419593,528.1871029564586,609.4686816749415,684.2600983757662
2026Q1,2026-09-23 17:59,minek_base,ice_3.8_5,2027Q3,382.31961830379566,158.90172598180595,182.88875728270162,212.63121743651197,269.0337824224791,347.9792038077558,455.93291111302744,594.5161644794674,695.5511091723932,791.7373436315855
2026Q1,2026-09-23 17:59,minek_base,ice_3.8_5,2027Q4,442.97918616979894,188.56604314266283,211.80238879557615,242.1837472986242,308.1197330067578,405.5080544884863,532.6812255671739,700.8803314612937,809.5820115597443,918.1014723651308
2026Q1,2026-09-23 17:59,minek_base,ice_3.8_5,2028Q1,283.5455497424851,118.57171294801665,135.27179055279487,156.36999774968436,199.13846833858673,259.6696013336687,340.6446596141242,440.09181843316156,507.4461511647221,582.6165142895302
2026Q1,2026-09-23 17:59,minek_base,ice_6_8,2026Q2,103.78081053606996,22.966690733403556,29.30933743693645,36.95070832039142,55.096864447769036,83.82411432616917,130.41203820350543,194.19190611342225,245.65051837313766,305.32303128908285
2026Q1,2026-09-23 17:59,minek_base,ice_6_8,2026Q3,114.72013884184418,26.459120631137328,32.24863979780989,40.97243093096789,60.77534161922457,94.50729650424921,145.74338608288969,214.40501327429843,266.8149323278264,321.04328125396546
2026Q1,2026-09-23 17:59,minek_base,ice_6_8,2026Q4,135.24478574179003,31.95721482064855,39.502957701768885,49.29950108652727,73.12566435100565,112.73467918682108,170.26262462113039,241.67137471713096,309.00542025972857,378.0013734355261
2026Q1,2026-09-23 17:59,minek_base,ice_6_8,2027Q1,90.93388923582953,20.748344097211582,25.168497331017054,32.02590834899561,47.11333401763283,73.22717829564843,114.38995953460197,169.553089099604,217.4350595872038,260.92618184706214
2026Q1,2026-09-23 17:59,minek_base,ice_6_8,2027Q2,107.66358216810838,23.81053913009585,29.529465974061367,37.7571400289257,56.51035781136987,87.79883788169248,134.62111417396287,197.1107865309438,251.1717239676231,311.5156112039158
2026Q1,2026-09-23 17:59,minek_base,ice_6_8,2027Q3,117.95275283605655,26.87641582495945,32.24842919858307,40.36081027403687,61.88260175626871,95.77755393757494,147.19263201937565,223.76876571075346,285.6797528478479,343.50664326296635
2026Q1,2026-09-23 17:59,minek_base,ice_6_8,2027Q4,139.0717486075819,29.597679654417238,37.54334102604059,47.63091148644133,70.53927670496986,111.09130522001632,174.84045220897696,256.18977953324884,337.34672770836795,418.9829860392832
2026Q1,2026-09-23 17:59,minek_base,ice_6_8,2028Q1,92.2826356035928,20.305764430331656,24.720935761271395,31.468886721894975,46.85350385151064,73.52791879374878,117.29742180914272,174.4241880264949,221.6511973600733,270.6731059854469
2026Q1,2026-09-23 17:59,minek_base,ice_8.5_10,2026Q2,81.3135182286721,31.653865810173137,36.175502472239025,42.43490745015693,55.01533426010066,73.28182067036136,98.9249461606928,130.017106919709,152.3307368860014,173.27057456142938
2026Q1,2026-09-23 17:59,minek_base,ice_8.5_10,2026Q3,93.73107531564014,36.00156506972806,41.10649394642419,48.52822790185986,63.61155908506156,84.03599882952861,114.99814774886038,148.22080357019988,175.98537695573208,205.61778561434826
2026Q1,2026-09-23 17:59,minek_base,ice_8.5_10,2026Q4,113.3000019544909,42.053563737939506,49.152129863917,57.79438799316573,75.55039424479736,102.47339068094203,137.5114791660415,184.10079785618365,214.0451608294664,241.84685402590412
2026Q1,2026-09-23 17:59,minek_base,ice_8.5_10,2027Q1,73.87246148931871,28.11151326704489,33.10951613077795,38.533167463757614,49.73992099396316,66.4017909545492,89.49744910556902,119.48020656734084,138.50063788421596,160.48483686030724
2026Q1,2026-09-23 17:59,minek_base,ice_8.5_10,2027Q2,90.5381055615849,33.61529493854583,38.510837277290214,46.35925479723748,60.284273913092704,81.34810719060552,110.08745696149468,146.35984042218632,174.84668004407902,201.33187310867748
2026Q1,2026-09-23 17:59,minek_base,ice_8.5_10,2027Q3,101.64110736010187,35.963199548958436,41.872611779609734,50.36642459342958,66.02777127918861,90.41011454145884,124.84499043145942,168.97195819787095,200.11023034609636,231.53306345632834
2026Q1,2026-09-23 17:59,minek_base,ice_8.5_10,2027Q4,118.98206000870758,42.89637668407212,49.815727960271246,59.85581988561185,78.38798681397475,107.1509128726501,146.11973372624664,192.74738648692704,224.44935199145115,262.9559388618306
2026Q1,2026-09-23 17:59,minek_base,ice_8.5_10,2028Q1,78.76574247898412,28.020220383698792,32.59330653179672,38.60431733695532,51.39809801864707,69.95920146649172,96.404692289376,127.18994532685099,151.3886434874668,179.17162436255703
2026Q1,2026-09-23 17:59,minek_base,ice_11_18,2026Q2,34.411419975114825,3.2648459482293455,4.381439182807043,6.175948342995403,11.68858337893672,22.35074479053207,41.522377693008565,72.53885106617848,105.27268696414151,144.04690302959494
2026Q1,2026-09-23 17:59,minek_base,ice_11_18,2026Q3,42.011453900964234,3.8822311972394843,5.4289101326668305,7.521853958840306,13.5706404938873,25.992044004837062,50.215337678299534,92.14273869313602,129.21196925666652,177.4004144045848
2026Q1,2026-09-23 17:59,minek_base,ice_11_18,2026Q4,49.46734877293791,4.300998329638989,6.189339030840959,8.82542158634419,16.193740879371315,31.93955242744484,60.04169069548864,105.64834269548187,153.06455714052865,200.22628536826173
2026Q1,2026-09-23 17:59,minek_base,ice_11_18,2027Q1,33.81335226826565,3.0155521958795015,4.22082991004649,5.9455020204382825,10.986891888388055,20.78712442226886,41.70138889885072,73.85471353517329,107.46348184648123,135.3053841532498
2026Q1,2026-09-23 17:59,minek_base,ice_11_18,2027Q2,42.2340449604497,3.711415973812138,5.050736729109726,7.269546363498286,13.310784258823936,26.290967573888736,50.7008913248858,90.23203577376933,129.4325677735891,176.52704813649302
2026Q1,2026-09-23 17:59,minek_base,ice_11_18,2027Q3,47.8424485688196,4.021242038895576,5.352420650433599,7.748627002061836,14.121956530314671,28.577082057421823,56.80392131279726,107.66286317854353,158.63444285686873,209.45235230450263
2026Q1,2026-09-23 17:59,minek_base,ice_11_18,2027Q4,56.35342068974322,5.08981893284603,6.5342094715401124,9.553615002680868,17.664481500286968,34.01040339276086,66.73746848923614,123.69259367218622,181.0534972433856,243.83267957490793
2026Q1,2026-09-23 17:59,minek_base,ice_11_18,2028Q1,36.080196983528154,3.257270638597968,4.455452718871474,6.399329430423808,11.24215296447114,21.857427679445344,43.356537519266325,79.94657823241765,112.32777490242403,155.26575271933658
2026Q1,2026-09-23 17:59,minek_base,ice_20_25,2026Q2,6.443661873416669,1.1573306392604146,1.4945115978599766,1.9619562139656317,3.067953331817117,5.017177202568966,8.121205453002222,12.471443896179169,15.92776947189692,20.20013357887548
2026Q1,2026-09-23 17:59,minek_base,ice_20_25,2026Q3,7.529139030147808,1.307634160440128,1.6823172293233029,2.191259478276004,3.565435692529183,5.819424473050363,9.532460009234555,14.540521534602934,18.687347135223387,23.326297344891625
2026Q1,2026-09-23 17:59,minek_base,ice_20_25,2026Q4,9.09380964987923,1.6715363270876922,2.1126994565984325,2.674123001982617,4.222797055691045,6.898311970453936,11.330686554648711,17.812734862600593,23.12623525008108,28.67157097033555
2026Q1,2026-09-23 17:59,minek_base,ice_20_25,2027Q1,6.04659970012867,1.078076805390108,1.3506194752775056,1.7570111536961102,2.7753908476950646,4.571077671082062,7.662650798207623,11.799340688974597,15.22164148220421,19.212595693591773
2026Q1,2026-09-23 17:59,minek_base,ice_20_25,2027Q2,7.339354485433927,1.2609301624059401,1.637111810835199,2.157462747431084,3.360846004305138,5.524287901474828,9.071344471350248,14.627945593880371,19.207849657147616,25.07080918477815
2026Q1,2026-09-23 17:59,minek_base,ice_20_25,2027Q3,8.280289404895546,1.301760632948721,1.6795582653186358,2.269223668945482,3.6459781694364914,6.156586092262803,10.150608180446783,16.624875239093537,22.251301559316733,28.267524061352837
2026Q1,2026-09-23 17:59,minek_base,ice_20_25,2027Q4,9.516044064333348,1.6246780908706075,2.033424888762155,2.697217965115623,4.355045331792866,7.25299759075544,11.98868329360012,19.245693248178874,25.014238506200833,31.002154657916808
2026Q1,2026-09-23 17:59,minek_base,ice_20_25,2028Q1,6.337021389687775,1.0754198025553459,1.408443426875233,1.8498198240403267,2.904683032374055,4.7459737067398375,7.828510089473427,12.591945221052358,16.807593584495184,20.59709945005931
2026Q1,2026-09-23 17:59,minek_base,el_1_1.8,2026Q2,7223.053350661298,5099.910039599853,5428.852017440835,5800.955632068908,6424.106629915239,7131.793106057761,7931.865644093501,8741.476464381847,9286.460517944248,9896.307766113729
2026Q1,2026-09-23 17:59,minek_base,el_1_1.8,2026Q3,7309.935914365614,5054.513982884364,5370.305844365849,5758.031669825739,6411.327432495123,7181.5438338696,8094.69008877222,8905.13341307772,9605.722284697642,10196.697795389813
2026Q1,2026-09-23 17:59,minek_base,el_1_1.8,2026Q4,8572.640391613033,5790.946398526392,6199.798103505042,6662.71926867634,7440.6292151436255,8415.079729342451,9527.768712135734,10648.22468999481,11471.62238797568,12176.985605175472
2026Q1,2026-09-23 17:59,minek_base,el_1_1.8,2027Q1,5904.941125720464,4080.050780691295,4377.277594781355,4643.308490540611,5144.225337861555,5774.243203531867,6523.780608821297,7334.401374840722,7899.704960887394,8454.143791545353
2026Q1,2026-09-23 17:59,minek_base,el_1_1.8,2027Q2,7843.580261665116,5455.1029157409275,5782.570683905853,6196.455808839142,6891.439467331622,7737.437254182905,8628.735908695584,9650.007662642394,10275.958183948907,10863.988324772341
2026Q1,2026-09-23 17:59,minek_base,el_1_1.8,2027Q3,8010.773582079643,5396.141246533845,5676.334692236853,6125.009788404233,6857.771810863405,7806.232558224625,8943.916177869633,10137.819847459867,10957.521518836673,11922.436264848102
2026Q1,2026-09-23 17:59,minek_base,el_1_1.8,2027Q4,9490.608357036941,6172.854133165658,6632.138568812989,7201.272867779719,8075.703425227446,9219.68258978996,10623.87146964894,12138.937834434206,13173.342836425709,14309.035778257341
2026Q1,2026-09-23 17:59,minek_base,el_1_1.8,2028Q1,6569.440197330229,4393.5091985185345,4649.795355887433,4992.125939239545,5620.04471885553,6398.292431920321,7347.86511507118,8335.924051287617,9058.656457774227,9710.500809845795
2026Q1,2026-09-23 17:59,minek_base,el_2_2.5,2026Q2,4317.634257032458,2929.5605566871113,3132.9258025578315,3367.260603445105,3765.415083500994,4251.438074798992,4793.104342534919,5351.502479888282,5699.879246068879,6027.332970008032
2026Q1,2026-09-23 17:59,minek_base,el_2_2.5,2026Q3,4401.962986432684,2972.533974570136,3125.9798644700145,3368.341108066578,3777.185207691045,4318.842987470707,4933.424628636158,5539.703302154518,5961.593925700215,6402.181616928106
2026Q1,2026-09-23 17:59,minek_base,el_2_2.5,2026Q4,5200.664494931977,3386.446210635182,3627.0724244505377,3912.5801218159545,4449.872065407024,5089.025739060704,5842.572850150269,6591.887419322053,7140.248193138301,7632.546363986912
2026Q1,2026-09-23 17:59,minek_base,el_2_2.5,2027Q1,3606.3393318200633,2422.885583213925,2576.242844161054,2749.1760549138075,3101.8176011343303,3524.3067554015443,4026.3191250315376,4553.995580353578,4913.791972774485,5221.988633835308
2026Q1,2026-09-23 17:59,minek_base,el_2_2.5,2027Q2,4825.014244671605,3232.0077093672776,3431.8914738708395,3693.5649413713454,4177.97961864089,4731.4535165259895,5380.660380181442,6040.35221972918,6442.0618949353375,6910.716670597723
2026Q1,2026-09-23 17:59,minek_base,el_2_2.5,2027Q3,4962.985301777992,3119.561471047081,3373.5594723573704,3644.4444901675224,4177.1041014395,4824.685292633242,5617.43382321615,6474.976994774777,6980.020051800527,7433.599941411515
2026Q1,2026-09-23 17:59,minek_base,el_2_2.5,2027Q4,5896.322644882372,3660.264764836079,3988.392878857411,4348.626063103706,4921.81271486787,5735.436415715745,6646.924946087287,7690.173466340016,8393.565402261824,9045.009278056366
2026Q1,2026-09-23 17:59,minek_base,el_2_2.5,2028Q1,4088.699882331689,2583.9016636472056,2757.638039875761,3004.4558239226044,3451.0980237544436,3971.69972204218,4600.648076001989,5323.643571816255,5780.186612736632,6241.389072870699
2026Q1,2026-09-23 17:59,minek_base,el_3_3.5,2026Q2,3317.274437697347,1909.1707638033574,2076.2889203262557,2302.7537497326975,2706.243938538847,3234.689334865884,3826.920714843638,4433.865191172997,4885.737045858873,5270.126430526875
2026Q1,2026-09-23 17:59,minek_base,el_3_3.5,2026Q3,3529.2469540366737,2028.6108272858303,2205.3230616947885,2431.7186798115317,2866.7048938534717,3435.5591522123896,4067.9276566309145,4773.716908100266,5225.531560018454,5628.671387831003
2026Q1,2026-09-23 17:59,minek_base,el_3_3.5,2026Q4,4266.099527908521,2366.995169756104,2618.9117339835725,2901.0572345251435,3406.345489897123,4118.77476773397,4947.884295458921,5855.488791003622,6415.438409136181,7010.101032724339
2026Q1,2026-09-23 17:59,minek_base,el_3_3.5,2027Q1,3038.7968812847557,1755.6506267702405,1908.085232664199,2110.18195916481,2465.4516998718877,2935.563690102451,3490.184090005918,4057.299394994798,4493.8062732591925,4951.506454610652
2026Q1,2026-09-23 17:59,minek_base,el_3_3.5,2027Q2,4142.693914610274,2371.0562742194975,2605.1437421282303,2846.7667135768033,3374.923375480629,3998.720536821086,4754.780226524216,5587.760899553886,6136.481522938767,6719.043775936039
2026Q1,2026-09-23 17:59,minek_base,el_3_3.5,2027Q3,4307.405312682484,2416.0681850721726,2616.907818581881,2904.7800994062695,3441.4119648135816,4144.4138840633295,4989.0234243575605,5869.692917336869,6525.650078932082,7120.348450054435
2026Q1,2026-09-23 17:59,minek_base,el_3_3.5,2027Q4,5177.532963959451,2823.259713019886,3082.533938037972,3423.4232415007764,4082.3675995465387,5002.432023789641,6023.492774694175,7134.527266941444,7874.889460508718,8646.09660317657
2026Q1,2026-09-23 17:59,minek_base,el_3_3.5,2028Q1,3625.640801457842,2032.3228296354505,2211.325382372582,2434.3149260070986,2908.8017193437745,3500.726581904485,4214.440589541331,4982.241953772727,5459.92274497565,5915.384687911299
2026Q1,2026-09-23 17:59,minek_base,el_3.8_5,2026Q2,614.9362331512426,284.0997453254272,312.85841059565627,366.8621178835658,455.68220301202314,577.6609424488267,737.2737473785816,911.4042756248318,1043.343142693736,1158.6592932318943
2026Q1,2026-09-23 17:59,minek_base,el_3.8_5,2026Q3,665.6645450396375,307.2009705207581,339.1288138018153,388.3864679215507,489.38005168081327,625.1697037751,798.2316792959898,980.2463673754974,1127.8274393448407,1262.2279487743247
2026Q1,2026-09-23 17:59,minek_base,el_3.8_5,2026Q4,825.5996777341172,374.64482870387843,417.9549726545202,477.0832854440198,604.8625922178288,772.7369491371027,990.1676927123482,1223.1751454426555,1413.4110832629706,1606.0715293544217
2026Q1,2026-09-23 17:59,minek_base,el_3.8_5,2027Q1,597.3813626460214,274.59314251114205,311.27563482012766,352.97026135632103,438.1985492471753,553.8157194042825,711.4941065826167,895.244533365505,1016.4959722847108,1160.1077942428785
2026Q1,2026-09-23 17:59,minek_base,el_3.8_5,2027Q2,811.4214522350132,373.74267726610964,418.6003531196565,475.88615847129347,591.3494824734607,759.1356144635474,974.8923615211768,1207.8286589507072,1396.899596448065,1547.1863733312464
2026Q1,2026-09-23 17:59,minek_base,el_3.8_5,2027Q3,865.0762432245085,376.7015464551125,430.06372923206845,495.33921509045064,619.5342018164508,801.8842481518511,1033.379223087179,1324.8667537759122,1512.6339019585153,1713.2180462523452
2026Q1,2026-09-23 17:59,minek_base,el_3.8_5,2027Q4,1038.602139174993,452.8945688027221,510.80542444856746,595.1191169709188,748.8176443866989,963.4643994121532,1249.7219317688268,1573.6926069966225,1813.9562322597767,2049.5995301262706
2026Q1,2026-09-23 17:59,minek_base,el_3.8_5,2028Q1,732.7109178199245,316.3958336863858,358.26104204918664,414.6515467678278,524.4464899694128,679.5879890126336,877.0438427634178,1113.5003163902804,1285.7479483254385,1454.2173795118613
2026Q1,2026-09-23 17:59,minek_base,el_5.5_8,2026Q2,85.17892106411668,6.380715451312985,8.791228090330929,13.002619943362383,24.37938187675325,47.85344801841285,95.3678344469842,192.17580047624097,281.1151156055334,395.1158777340319
2026Q1,2026-09-23 17:59,minek_base,el_5.5_8,2026Q3,95.5165011287329,6.973457684823331,9.472758454423145,14.017648613492387,27.13412267924012,54.159378607732144,111.51178213255142,215.07900658851068,314.4446844693039,429.6868922999234
2026Q1,2026-09-23 17:59,minek_base,el_5.5_8,2026Q4,120.93140403557507,8.36476581105401,11.354026272335771,16.46327935439117,32.9179222394627,67.9316214289551,142.88178827693042,271.43903237043327,403.8112449098505,540.7878004226329
2026Q1,2026-09-23 17:59,minek_base,el_5.5_8,2027Q1,87.39755331476134,5.9355765820364415,8.090894343660986,12.465307452622643,24.409417616763548,48.98182250318048,102.41642621739837,191.90054483347546,292.6770846947592,398.7122791158916
2026Q1,2026-09-23 17:59,minek_base,el_5.5_8,2027Q2,120.78483102443143,8.595517662501868,11.642825043489937,16.90094900666297,31.739719203401464,66.95434153881999,144.9710635048786,267.9738218186362,387.52602643018184,547.1631514315845
2026Q1,2026-09-23 17:59,minek_base,el_5.5_8,2027Q3,130.7462456521382,8.73514413935932,12.713364230261616,19.072355586139647,36.25662943629057,74.87329313726127,154.7743184046764,291.62907731356455,412.9742861943749,600.1100270639212
2026Q1,2026-09-23 17:59,minek_base,el_5.5_8,2027Q4,160.93953257986297,9.7612512825332,14.7283971435582,21.015917940370407,41.863853753856034,88.33451830702461,183.60700354459726,366.5062916604175,528.9747787486377,729.669161433471
2026Q1,2026-09-23 17:59,minek_base,el_5.5_8,2028Q1,108.54660470069759,7.113239523827108,9.661326411345913,14.76797143872574,28.861967665815413,59.872696128639205,128.992610694338,245.57269670118575,356.6280305546087,512.583861061805
2026Q1,2026-09-23 17:59,minek_base,el_8.5_16,2026Q2,65.01505276760221,9.11323751200814,12.1833640073958,15.828573250950988,26.553154888248407,45.84978629431082,80.75526931345564,132.80467966912516,178.7678538813358,235.8702935473037
2026Q1,2026-09-23 17:59,minek_base,el_8.5_16,2026Q3,71.94771260842518,10.268982913445386,13.327369266736728,17.85007221691263,29.928777757844934,51.42550059101731,88.6463201546926,144.42784131915195,199.34250152108382,263.88361118297536
2026Q1,2026-09-23 17:59,minek_base,el_8.5_16,2026Q4,93.4475394360972,13.10153165498999,16.745084957446966,22.60437283481674,39.16036977359124,67.14212050275407,116.01164143704767,191.96070927559896,254.8201491136297,322.83953575119995
2026Q1,2026-09-23 17:59,minek_base,el_8.5_16,2027Q1,69.48043371244387,9.004238099449289,11.98630022025053,16.29871009670149,27.668529081323957,49.10303872145509,87.00720800970919,141.98225898482931,186.94914721654007,254.5481507842303
2026Q1,2026-09-23 17:59,minek_base,el_8.5_16,2027Q2,97.78648920260635,13.160192609050355,17.18474976261685,22.806021885277566,37.895387535010016,68.78581763008421,123.00564339286932,203.76450648808677,268.81995325354364,348.3148164715657
2026Q1,2026-09-23 17:59,minek_base,el_8.5_16,2027Q3,108.5056992145684,14.596734021648798,18.722596533134542,25.461989857235135,43.40749407929239,74.7473398881844,134.29936855012545,226.66894910348248,303.61611899964447,393.49454673237017
2026Q1,2026-09-23 17:59,minek_base,el_8.5_16,2027Q4,129.57390359978152,17.899116200175293,23.374780075278657,30.918986773351506,51.67297995459498,90.71945350848662,162.0552570205458,265.8373116492153,367.95927433835493,476.43058081583536
2026Q1,2026-09-23 17:59,minek_base,el_8.5_16,2028Q1,92.4285792485754,12.511609603976698,16.08616209366845,21.560240262177153,37.123104889547676,65.56042721433971,114.34081831383354,189.43040269668006,254.23402295249852,329.52638549762656
2026Q1,2026-09-23 17:59,stress,total_market,2026Q2,20913.86283295332,15677.457494836337,16374.90977738485,17351.22561485537,18933.4223633408,20707.819842028817,22588.05540200851,24712.080561078474,26141.307298981235,27496.381021607947
2026Q1,2026-09-23 17:59,stress,total_market,2026Q3,19566.300588735503,14295.037381605714,15088.485838744344,15988.784725404324,17540.747589004088,19348.558087011217,21360.239368113675,23284.000432012694,24661.445032132775,26173.93248008228
2026Q1,2026-09-23 17:59,stress,total_market,2026Q4,23094.800886102556,16931.753715509407,17878.284330034807,18923.781468986253,20820.827213383433,22831.88308138414,25098.36581528825,27538.29207710143,29298.665072749438,30977.282877176272
2026Q1,2026-09-23 17:59,stress,total_market,2027Q1,16506.860469800504,12138.111783152948,12783.412513912906,13563.060992957762,14799.59112482214,16231.29717363943,17952.35748889632,19729.264419020874,21006.02923965196,22147.38799782993
2026Q1,2026-09-23 17:59,stress,total_market,2027Q2,21584.070492087827,15960.885600192913,16850.132027407017,17705.945240162324,19396.144524459978,21336.794128775895,23468.127924146458,25649.225003038508,27172.121826930805,28738.94977508339
2026Q1,2026-09-23 17:59,stress,total_market,2027Q3,19857.531059712328,14218.182485489495,14994.58343786709,16065.799748333011,17735.767827007054,19665.850621349073,21713.446463735178,23767.964327639867,25349.382195652444,26551.915311578614
2026Q1,2026-09-23 17:59,stress,total_market,2027Q4,23292.4969151485,16756.832411021587,17894.32167652314,18969.06442368443,20815.707946170693,23055.36291351453,25468.883086276837,27930.593707399243,29724.836044328702,31327.991931012417
2026Q1,2026-09-23 17:59,stress,total_market,2028Q1,16715.27890597295,12247.434969414853,12883.553786962102,13666.090091582892,14968.738928603168,16449.4530334812,18129.17520273043,20084.351740572718,21398.48414415443,22732.417108188627
2026Q1,2026-09-23 17:59,stress,total_ice,2026Q2,5256.354012670186,3536.1614221295417,3775.4963251291497,4045.3910023831245,4526.815323996465,5110.8180157294755,5811.840005774067,6634.004744757308,7226.093961513962,7824.098238003897
2026Q1,2026-09-23 17:59,stress,total_ice,2026Q3,5188.83867080761,3403.9420315227726,3635.341763893392,3895.7182849323967,4396.195502472999,5052.279628070579,5786.9253938873735,6649.05550045738,7275.083944196662,7860.354055582841
2026Q1,2026-09-23 17:59,stress,total_ice,2026Q4,6005.076272057019,3941.2432808538765,4222.309288153734,4511.705459374819,5083.878472703915,5831.579692104375,6696.176612263713,7699.125058450398,8464.904027636523,9171.59879550228
2026Q1,2026-09-23 17:59,stress,total_ice,2027Q1,4015.9852969108806,2666.8314879572868,2841.3342268755996,3032.371829122031,3417.8425183552367,3896.3830559242765,4464.173615473335,5153.871364388051,5593.608695254434,6028.287987232667
2026Q1,2026-09-23 17:59,stress,total_ice,2027Q2,4807.1845653596165,3207.098772028663,3424.3953416879767,3665.428982145606,4088.001837239651,4667.19163212167,5314.421291870246,6095.697943647459,6674.485375667706,7391.987688073743
2026Q1,2026-09-23 17:59,stress,total_ice,2027Q3,4634.674372712616,2979.853276433706,3179.100644932781,3433.0097037392056,3874.7390411873025,4481.988248083488,5195.605979638645,6025.50145342904,6564.855377519557,7183.271439847177
2026Q1,2026-09-23 17:59,stress,total_ice,2027Q4,5371.859623078346,3496.1064822269927,3758.9733990942696,4013.905666120478,4496.630846255331,5145.877950410606,6020.928089494304,7005.421296335588,7711.626713642035,8399.145359915361
2026Q1,2026-09-23 17:59,stress,total_ice,2028Q1,3665.3870113780995,2443.9044764918267,2582.12820662086,2760.6225403618455,3086.768164042911,3536.1607487431547,4052.305178783771,4746.394866311047,5195.002350447619,5719.077110409556
2026Q1,2026-09-23 17:59,stress,total_electric,2026Q2,15657.508820283136,11401.405297602098,12019.80344556539,12849.86903947731,14084.35966794565,15539.273528466354,17012.67830520217,18616.53921444601,19711.283023778058,20831.177981706525
2026Q1,2026-09-23 17:59,stress,total_electric,2026Q3,14377.461917927893,10246.782007476522,10826.51882779104,11559.602671516586,12796.19182096392,14205.773287732693,15797.026163914796,17281.700304402984,18369.40646056623,19477.418874142088
2026Q1,2026-09-23 17:59,stress,total_electric,2026Q4,17089.72461404554,12192.27369903016,12886.984558327173,13713.263210001265,15310.729012115278,16899.299199565132,18774.203103319545,20591.108127918338,21800.647923212204,23032.71835422635
2026Q1,2026-09-23 17:59,stress,total_electric,2027Q1,12490.87517288962,8933.137240829894,9484.967316046701,10124.257753465947,11107.056452856861,12326.93024561221,13651.285275840335,15075.061067888999,16097.912816609278,17063.479944367708
2026Q1,2026-09-23 17:59,stress,total_electric,2027Q2,16776.88592672821,12183.861082917672,12847.610964145173,13571.509815584153,15014.523569918281,16609.801330011087,18286.517671216745,20147.79938954233,21389.76922825251,22646.940386988346
2026Q1,2026-09-23 17:59,stress,total_electric,2027Q3,15222.856686999712,10480.913764326026,11334.574913258817,12154.174211213596,13532.021446832498,15049.826143459648,16686.27994248186,18446.813534829897,19549.622485201107,20803.78559762582
2026Q1,2026-09-23 17:59,stress,total_electric,2027Q4,17920.63729207015,12609.53184304725,13438.205001250491,14359.76510859918,15880.09672240238,17746.5669158105,19681.85722312261,21657.5458232009,23124.054360046935,24421.78911457157
2026Q1,2026-09-23 17:59,stress,total_electric,2028Q1,13049.891894594852,9301.610571913481,9860.953325367082,10498.704425620399,11627.308356370344,12851.722057024082,14242.7016771644,15808.27489911216,16888.39290396728,17793.833016742406
2026Q1,2026-09-23 17:59,stress,electric_share,2026Q2,0.7486945584572985,0.6641515328019939,0.6817021554349001,0.7018298705694452,0.7296974373131943,0.7544733915792676,0.7744491909340618,0.7891186194443728,0.7964024218424827,0.8023022198584141
2026Q1,2026-09-23 17:59,stress,electric_share,2026Q3,0.7348173142356562,0.6352976350474827,0.6588229969196757,0.6819202662449215,0.713082668521774,0.7415189413458934,0.7636188080459708,0.7804296490263479,0.7895804777086619,0.7959282369689485
2026Q1,2026-09-23 17:59,stress,electric_share,2026Q4,0.7400270487245472,0.6419353175614579,0.6635170984730345,0.6875673106191752,0.7184494422994494,0.7465762767146404,0.7692466795036026,0.7840394590973931,0.7929227961719204,0.8011573576327906
2026Q1,2026-09-23 17:59,stress,electric_share,2027Q1,0.7565390610257082,0.662622979658629,0.6856373157001525,0.706865603457275,0.737585288638636,0.7631689781714397,0.7831731246287779,0.7973356969640388,0.8047466803333746,0.8111295019105202
2026Q1,2026-09-23 17:59,stress,electric_share,2027Q2,0.7771548791581531,0.6925829715398869,0.7105704538740681,0.733671613528761,0.7611529687254149,0.7840228517800523,0.8010098066543424,0.8129788096972315,0.819038574231382,0.8234376767686432
2026Q1,2026-09-23 17:59,stress,electric_share,2027Q3,0.7666877706951438,0.6684528359016056,0.693214116272719,0.716745125844648,0.7485972114152873,0.7732651411735111,0.7943455944246347,0.808798907248047,0.8141429545830915,0.8196023378134654
2026Q1,2026-09-23 17:59,stress,electric_share,2027Q4,0.7693357237909617,0.6643362525019281,0.6922490009378424,0.7186048811417044,0.7509816469897032,0.7776586318825389,0.7970552993884367,0.8105113364782536,0.8169096731658132,0.822008898085203
2026Q1,2026-09-23 17:59,stress,electric_share,2028Q1,0.7807451972226748,0.6909630191819274,0.7114385445841981,0.7361167052527046,0.7641836879545315,0.7885139712303133,0.8059298366847689,0.8177721232576685,0.8235264352549414,0.8274124351710301
2026Q1,2026-09-23 17:59,stress,ice_1_1.8,2026Q2,1409.5406744509694,720.7602055547653,794.1206712174455,888.2717463669298,1077.4854889133342,1331.1230433809906,1664.5523506164266,2016.4428657269382,2273.8032825564433,2492.2309224020164
2026Q1,2026-09-23 17:59,stress,ice_1_1.8,2026Q3,1399.0416715106107,682.9477926471226,770.1125198256661,870.5710812536228,1068.8716657545901,1336.9265808385146,1661.1935480170607,1993.8655732195762,2217.921078466168,2482.9967134591616
2026Q1,2026-09-23 17:59,stress,ice_1_1.8,2026Q4,1631.0557160390458,814.4225491844616,893.535688659744,1002.5054270581476,1239.5449283428811,1543.7304455358044,1940.2697985799828,2358.8151362499766,2656.4498212384956,2945.319614653538
2026Q1,2026-09-23 17:59,stress,ice_1_1.8,2027Q1,1085.4719186184163,522.5683063256764,580.436451921079,675.6364088874956,836.0548142758678,1037.6523977731376,1286.6186010039996,1552.498955596898,1737.3764440676769,1919.796782386901
2026Q1,2026-09-23 17:59,stress,ice_1_1.8,2027Q2,1302.2651570636062,649.9092112783351,716.3498220196443,819.3145631935554,997.8220364022894,1242.4140355807322,1523.7246051358597,1860.9536320371078,2074.6877264194527,2301.811498638227
2026Q1,2026-09-23 17:59,stress,ice_1_1.8,2027Q3,1263.2349993760618,630.4022348601408,692.0828771783875,785.9297003351169,961.1767723622743,1197.335476063684,1484.3062901239864,1823.9411019712938,2054.77546422666,2292.7377326519213
2026Q1,2026-09-23 17:59,stress,ice_1_1.8,2027Q4,1464.795293364229,718.9994173163672,804.1548738809802,904.6716010214129,1105.0247728405757,1398.6998837869833,1721.9212105869842,2123.867605140062,2377.269628936747,2685.7747473611184
2026Q1,2026-09-23 17:59,stress,ice_1_1.8,2028Q1,1005.1556011164656,487.8011303615717,544.82028153153,620.8755890292603,761.0136470069026,948.1022160309134,1183.3450842892516,1456.0275622823838,1654.9031371554772,1849.475432756857
2026Q1,2026-09-23 17:59,stress,ice_2_2.5,2026Q2,1196.1072445915345,696.9450184756802,755.2136224179108,838.071497702504,972.9518299517545,1154.9843465920508,1373.4466049245614,1599.6047393630397,1779.7474851070833,1955.970729402315
2026Q1,2026-09-23 17:59,stress,ice_2_2.5,2026Q3,1195.830110383261,675.5703010484875,736.94569903874,812.2582673271077,958.6847193421717,1145.3028857648083,1379.9019800312649,1634.6071080806566,1797.077265034641,1969.7322435012443
2026Q1,2026-09-23 17:59,stress,ice_2_2.5,2026Q4,1392.826480362422,799.6167728664387,868.1520965473601,953.1148910900857,1127.8741033271933,1330.119897198193,1607.1385494986555,1886.0958032783444,2090.9897956512145,2296.1949005506067
2026Q1,2026-09-23 17:59,stress,ice_2_2.5,2027Q1,938.6364993386758,542.4093249828039,590.4585333516579,646.7405013700851,755.1480756317844,906.8576788185055,1074.2887105936315,1274.1132045379952,1419.500374900144,1543.51285747254
2026Q1,2026-09-23 17:59,stress,ice_2_2.5,2027Q2,1130.0069372827734,657.1166198454022,707.5367501560999,778.4932855699202,910.2254828145526,1088.2281609524487,1301.6453839510302,1533.1343369397962,1690.2897928465466,1840.6657291985648
2026Q1,2026-09-23 17:59,stress,ice_2_2.5,2027Q3,1092.54061239382,599.6700303501648,661.1013791689511,735.6343428929528,868.3462438222105,1051.152321916417,1259.9204970305072,1508.031565832869,1668.7884561795377,1825.364753891963
2026Q1,2026-09-23 17:59,stress,ice_2_2.5,2027Q4,1272.62962030394,723.3627761272081,778.8864956991583,860.3152503386196,1015.078679143271,1216.4312520855956,1476.604114204189,1746.3085916010623,1966.996252618155,2162.7515939724444
2026Q1,2026-09-23 17:59,stress,ice_2_2.5,2028Q1,868.1608261928573,495.0621267045251,535.8388036527642,592.6734190834792,700.0868199231872,828.519817573752,993.8158175863657,1179.0842261134458,1300.923230090031,1461.7418960647647
2026Q1,2026-09-23 17:59,stress,ice_3_3.5,2026Q2,2049.6391161861297,1314.615643916548,1404.9896857854594,1520.3540444917185,1723.6136991594376,1987.926559834746,2296.5878837886244,2636.1630582122507,2895.133083356164,3131.767969736471
2026Q1,2026-09-23 17:59,stress,ice_3_3.5,2026Q3,1995.8184849262516,1231.3629316876813,1316.973809850146,1432.682020743808,1653.2525062329398,1938.7284727528158,2265.0861184159403,2621.3219025970097,2874.4834254709826,3150.9536005046257
2026Q1,2026-09-23 17:59,stress,ice_3_3.5,2026Q4,2286.92663715787,1412.407576190325,1523.5226625380628,1656.682299315518,1900.6120944578865,2209.2289050665836,2585.01912280918,3009.535745146777,3336.5548353182758,3662.6222866928624
2026Q1,2026-09-23 17:59,stress,ice_3_3.5,2027Q1,1521.5967572321235,953.151813892853,1018.5056471137257,1109.1269062609956,1263.8808368356383,1473.4885946107302,1715.8045698035,2009.6295734814717,2196.331628112641,2408.704291029164
2026Q1,2026-09-23 17:59,stress,ice_3_3.5,2027Q2,1809.7696957376832,1134.6020236551478,1221.8391898995571,1315.1249351110464,1511.2924417084448,1745.80117227534,2038.2223965750557,2359.5104805460533,2608.8315028386096,2880.4740566355654
2026Q1,2026-09-23 17:59,stress,ice_3_3.5,2027Q3,1732.68399987059,1048.9188172841768,1124.5683357482685,1227.536820272267,1413.4614098859204,1668.6479430436889,1973.2376941547218,2311.8558586407466,2539.0662776451286,2753.418375100328
2026Q1,2026-09-23 17:59,stress,ice_3_3.5,2027Q4,1998.4704508273292,1226.353853621027,1320.153711932871,1433.718109063927,1640.647310697646,1916.0743002031104,2270.392908384326,2667.2828685546074,2961.820074751795,3200.4454916488653
2026Q1,2026-09-23 17:59,stress,ice_3_3.5,2028Q1,1357.1437363188077,842.8165125954455,895.4472775187635,976.9506148066841,1112.989384309894,1297.0588764642039,1532.9307047280558,1796.7783347201273,1973.9350130749667,2187.2720555220076
2026Q1,2026-09-23 17:59,stress,ice_3.8_5,2026Q2,374.43174507304605,171.63725524694723,191.5755967866527,218.43111253854772,270.5921053126717,349.0211998345891,451.0331231040301,562.4242775861903,643.288993772191,724.5402645503749
2026Q1,2026-09-23 17:59,stress,ice_3.8_5,2026Q3,363.26964583548454,158.06126507116159,178.86907536943977,207.08948974243685,260.6854328170886,336.53062107006076,437.3474538388946,550.6397073166777,640.0912165676854,717.6781669586455
2026Q1,2026-09-23 17:59,stress,ice_3.8_5,2026Q4,415.6129341081288,182.92479483862306,210.13114447809104,242.2377905319763,296.86985876119485,385.44750585646204,500.835594421067,629.3826866293118,715.4012972633686,821.719953115776
2026Q1,2026-09-23 17:59,stress,ice_3.8_5,2027Q1,276.9039665605746,122.48024750841947,136.83168404525293,159.636574808888,196.94288372059677,255.47171741449318,335.29016340310164,425.1166965089576,484.8758850103989,535.0384748044856
2026Q1,2026-09-23 17:59,stress,ice_3.8_5,2027Q2,329.61123903429035,145.21399067247378,161.215334221522,186.78096607921648,237.34169924601514,307.65935788055975,393.56232246267075,499.9680501678973,576.2164199359113,641.2497248397146
2026Q1,2026-09-23 17:59,stress,ice_3.8_5,2027Q3,314.566225382877,137.98225600812833,154.60264619097867,177.3914448218323,225.19220233234213,291.7625106214099,376.7696869420759,478.15500939245237,548.5408243621479,630.2119836319885
2026Q1,2026-09-23 17:59,stress,ice_3.8_5,2027Q4,365.8497249956542,157.69935344871863,177.68566157089538,204.60080413405274,258.01597263051804,337.6761300990327,441.78634816420873,558.7238898841168,645.5640009045045,729.1167582673928
2026Q1,2026-09-23 17:59,stress,ice_3.8_5,2028Q1,248.54819472711705,109.47251777550633,121.94895594558878,138.06709973139934,176.44660773332228,229.716642676928,297.9275084642396,378.71967444490343,442.74310822706457,491.8882680809623
2026Q1,2026-09-23 17:59,stress,ice_6_8,2026Q2,103.03969938760066,23.330324664279217,29.267263055032945,37.31737246882594,55.00443428389549,84.31815665512556,129.7281302858081,189.2758168416941,239.92500820653456,292.3255261255942
2026Q1,2026-09-23 17:59,stress,ice_6_8,2026Q3,106.25323876209325,24.56555667473108,29.649675725908324,37.2879310058281,55.74763323139826,86.38475461944248,135.8663261908564,197.710656681756,249.69002560720912,298.50163501421105
2026Q1,2026-09-23 17:59,stress,ice_6_8,2026Q4,126.84428064045841,28.547891690659696,35.79464978376775,45.082096576041565,67.02620547179708,103.83568100736804,158.82882962702996,239.25619352338373,300.6510359002143,358.99719750972776
2026Q1,2026-09-23 17:59,stress,ice_6_8,2027Q1,85.31024712006005,18.01511367715855,22.361954405087527,29.335151309937647,44.38724172489605,69.91765329052429,110.21744767916516,158.0771025769915,200.41867981657472,247.70963716085978
2026Q1,2026-09-23 17:59,stress,ice_6_8,2027Q2,103.2419004115848,23.49614927129467,28.48032286879707,36.9821530703743,54.910862072150245,85.60070253005435,129.3117874785715,189.211211267791,245.34182009206393,288.720156788988
2026Q1,2026-09-23 17:59,stress,ice_6_8,2027Q3,101.12737514307713,21.807241838853667,27.172998670604862,34.71093942694582,52.150297720177925,82.61645826171059,126.99926357544493,190.15039933708894,239.63107550126568,298.6481597062706
2026Q1,2026-09-23 17:59,stress,ice_6_8,2027Q4,116.81133279319234,25.88658034790482,31.90296840176061,40.201909818451085,59.726696222810034,94.19828851850667,147.6961159203811,222.14205116338889,271.20823188295935,333.16011978142467
2026Q1,2026-09-23 17:59,stress,ice_6_8,2028Q1,80.10320323463728,17.50272521323352,21.77952669761826,27.8948215323934,41.199366310830264,65.81701258933975,102.3086579445711,147.2559313067685,183.273252649176,227.85472415849478
2026Q1,2026-09-23 17:59,stress,ice_8.5_10,2026Q2,81.00786285890715,32.888163146953076,37.06350824099061,42.104393417002925,54.242111495917484,73.86792628582893,98.3480871333737,128.88200027092296,151.90443854657482,173.83912961851678
2026Q1,2026-09-23 17:59,stress,ice_8.5_10,2026Q3,83.96831309897482,31.683160207459714,36.73247506469457,43.36677407658706,56.831249381084746,76.7106803239096,101.93055765501386,134.00850021635182,157.94944492595798,183.14357380374935
2026Q1,2026-09-23 17:59,stress,ice_8.5_10,2026Q4,100.9066142576999,37.953874537480964,44.34788392819853,52.147496880073625,67.52760471210033,90.17570116070775,124.6141484437542,163.41314998558903,191.21771069530956,221.2680177574398
2026Q1,2026-09-23 17:59,stress,ice_8.5_10,2027Q1,70.32877167083477,26.996195301343533,31.459921043362066,36.59337002304383,47.403728385015675,63.81628645020068,86.6002364042476,112.10581409321605,131.72238268296212,149.03192357567946
2026Q1,2026-09-23 17:59,stress,ice_8.5_10,2027Q2,86.03663703060553,32.559565865359104,37.509005898282226,43.52008304988678,57.57013083056093,77.87330102439459,105.74200040040795,137.56578006065928,162.79682979491412,188.5770043192798
2026Q1,2026-09-23 17:59,stress,ice_8.5_10,2027Q3,84.85536995970179,31.11703116566536,36.000403607652515,42.25958162046147,55.688027729513394,76.09100698626573,103.03847916138434,138.10765290722884,164.6792058711204,187.82210796607234
2026Q1,2026-09-23 17:59,stress,ice_8.5_10,2027Q4,99.41607592776805,36.11196658171063,41.586167004255614,49.373398865702875,65.60015595864222,88.68230591883992,122.62932638258346,162.01076237252747,192.00461715702784,224.44672018803206
2026Q1,2026-09-23 17:59,stress,ice_8.5_10,2028Q1,68.75947008391795,24.551730950463316,28.765269510390176,33.90714143678067,45.522530384643254,61.5951409224064,83.17360685736617,111.46109529795108,133.90647495002088,155.94734962938793
2026Q1,2026-09-23 17:59,stress,ice_11_18,2026Q2,36.11111536449497,3.3667145851203544,4.695454906203177,6.566124900039267,11.731930960730178,22.595760029321156,44.129011573647254,80.13357711820285,111.38156353669451,149.34688121119112
2026Q1,2026-09-23 17:59,stress,ice_11_18,2026Q3,37.79803271163814,3.378122054850313,4.594965130552136,6.420346746737824,11.597057635515345,23.30427774380453,45.39237529135811,83.32819755021819,121.23643425912735,162.72715711100193
2026Q1,2026-09-23 17:59,stress,ice_11_18,2026Q4,42.743284762028416,4.036710722944082,5.573857414922989,8.015570352567421,14.527325503323635,27.504475235068274,51.726756750826475,92.6422793266705,128.6687450008596,178.38702277655963
2026Q1,2026-09-23 17:59,stress,ice_11_18,2027Q1,32.109231214137104,2.693222360768577,3.953374856042406,5.701148229862383,10.524087671619549,20.249555940274142,38.393068656099494,69.14393179125237,98.57739013006585,142.29262674460037
2026Q1,2026-09-23 17:59,stress,ice_11_18,2027Q2,39.25983552736281,3.4339268407259236,4.81410091094008,6.9462254019935825,12.695129112340668,23.895037150471698,46.184494798894846,85.79943349568903,125.55614764617532,167.2700763509879
2026Q1,2026-09-23 17:59,stress,ice_11_18,2027Q3,38.8404745177959,3.586583895018689,4.702334195159117,6.701979714512952,12.410827407282563,24.672277668207315,48.27330209801245,82.16584568776392,111.88722703245246,153.66711295071144
2026Q1,2026-09-23 17:59,stress,ice_11_18,2027Q4,45.997944207519865,3.982272272528714,5.488463016211667,7.711315331577788,14.59418928298556,29.000766383822885,55.40043488816249,99.09696406220462,141.67886036348898,196.700200549739
2026Q1,2026-09-23 17:59,stress,ice_11_18,2028Q1,32.013773098888485,2.690930876005808,3.7172578041955573,5.461396960964307,10.319689752293547,20.339962386091837,38.7186907111519,68.97414721167289,97.43469092128699,135.32182599004324
2026Q1,2026-09-23 17:59,stress,ice_20_25,2026Q2,6.476554757504288,1.2865526558920426,1.58126593394337,1.9877231360725294,3.052428739557953,4.979494293082956,8.112651300422272,12.435033919957803,16.768383971679715,21.01842959576143
2026Q1,2026-09-23 17:59,stress,ice_20_25,2026Q3,6.8591735792941835,1.223013268717642,1.5525747587120406,2.0441787148424666,3.2425844175076253,5.2929730807757185,8.737391808530052,13.037284124870109,16.961598022449298,22.26664077319443
2026Q1,2026-09-23 17:59,stress,ice_20_25,2026Q4,8.160324729366161,1.469493212652858,1.8315668915187966,2.400543864538946,3.7029449544409134,6.131260502476998,10.179736440968677,16.178560596791318,21.25026610447131,26.027074057323336
2026Q1,2026-09-23 17:59,stress,ice_20_25,2027Q1,5.627905156058583,0.9790653336179123,1.2535713633236634,1.670158738087599,2.550069306130062,4.250151364260178,6.972116194610374,10.969742119390407,14.465042377410974,18.317449281713696
2026Q1,2026-09-23 17:59,stress,ice_20_25,2027Q2,6.993163271709354,1.2107993878020453,1.5421037414052143,2.007695326881749,3.1148483981279464,5.2176953252744775,8.634722455361874,13.941708822465607,18.156738563218997,22.858345098440967
2026Q1,2026-09-23 17:59,stress,ice_20_25,2027Q3,6.825316068691697,1.1439327648589623,1.4643714457609915,1.9037882242005577,3.073188091275343,5.133407389138456,8.575095895354469,13.543252476230425,17.66640813398197,22.63745308813165
2026Q1,2026-09-23 17:59,stress,ice_20_25,2027Q4,7.889180658712905,1.393192566797237,1.74748033818142,2.2925640709412174,3.6627823673277495,6.055309269206946,9.85860204821607,15.61996377753659,20.101099488424556,24.653145538454105
2026Q1,2026-09-23 17:59,stress,ice_20_25,2028Q1,5.50220660540867,0.9062161314503193,1.184530124839007,1.5477507978776956,2.5018308676811567,4.1568775412996075,6.8961930571868235,10.835626912145274,14.303303900227819,18.426565740284605
2026Q1,2026-09-23 17:59,stress,el_1_1.8,2026Q2,7244.930485857197,5054.687542370378,5431.434287677787,5799.7402706466655,6454.3986294176575,7181.9774626664075,7937.314692847544,8710.177296034964,9373.611780793146,9979.972515843181
2026Q1,2026-09-23 17:59,stress,el_1_1.8,2026Q3,6541.632922884522,4483.512629613783,4801.72089779192,5168.734295081288,5771.519421976053,6482.939821216645,7235.627321160406,7969.1038237378925,8522.785076394215,9050.549485086935
2026Q1,2026-09-23 17:59,stress,el_1_1.8,2026Q4,7659.348824129458,5286.245047479188,5612.150925888924,6017.66312902403,6763.52670336119,7554.801649879675,8459.726589971782,9398.238980111993,10052.471357682673,10667.018140774406
2026Q1,2026-09-23 17:59,stress,el_1_1.8,2027Q1,5555.832264251711,3833.8467787217733,4083.2786508757126,4373.023032916983,4884.7061378849285,5465.445782192592,6128.254618844205,6830.399738468704,7335.940274766476,7744.704737530239
2026Q1,2026-09-23 17:59,stress,el_1_1.8,2027Q2,7375.3583738922325,5196.796596098399,5461.86371025236,5843.418750535061,6518.552532607284,7261.931866759529,8130.76366342341,8986.168732554954,9559.571596932443,10258.157759351847
2026Q1,2026-09-23 17:59,stress,el_1_1.8,2027Q3,6640.92236705117,4490.6851822147855,4843.284483466568,5199.880836176747,5845.19535314103,6576.777276429969,7349.557406819189,8136.108717632532,8757.78277849018,9245.603703376579
2026Q1,2026-09-23 17:59,stress,el_1_1.8,2027Q4,7776.783812153748,5279.195893846665,5666.662531623207,6073.815169611011,6799.37175111151,7687.087904554715,8625.299752952362,9586.603587814307,10127.457196976278,10849.283593727272
2026Q1,2026-09-23 17:59,stress,el_1_1.8,2028Q1,5631.000857313121,3889.6440890639906,4118.630783466704,4398.838173766027,4937.874676772641,5534.644060040806,6217.59249271523,6973.493321314273,7455.495650732695,7909.019219202129
2026Q1,2026-09-23 17:59,stress,el_2_2.5,2026Q2,4318.267012403587,2943.296165809597,3130.1062768059514,3352.1569740184177,3773.7349791972792,4264.76558454439,4789.74786369438,5323.6351553568675,5701.246817736535,6045.810022008346
2026Q1,2026-09-23 17:59,stress,el_2_2.5,2026Q3,3952.498549622734,2591.35579267516,2801.7917500162816,3019.745190387808,3420.510469353909,3906.7236866820886,4412.955455623947,4947.280155338603,5286.1919047609235,5661.585051379743
2026Q1,2026-09-23 17:59,stress,el_2_2.5,2026Q4,4681.7810229954175,3105.210184901297,3310.827505450236,3586.8236828848967,4041.7037320162963,4614.984090205359,5223.456222750309,5884.56230762351,6298.583666235644,6763.179768018249
2026Q1,2026-09-23 17:59,stress,el_2_2.5,2027Q1,3398.5291033050034,2263.1223921055234,2421.770463459606,2603.0490469794195,2924.546589652911,3335.5598143109764,3801.3923893029378,4284.587945591925,4575.505645840677,4891.397283722775
2026Q1,2026-09-23 17:59,stress,el_2_2.5,2027Q2,4543.043326375265,3061.695336193226,3265.941608768523,3495.4223846711416,3922.942340409052,4473.977140654457,5071.756520368984,5677.731233016311,6088.074542841086,6464.6407736124675
2026Q1,2026-09-23 17:59,stress,el_2_2.5,2027Q3,4099.015437560012,2678.093400701073,2875.616186380645,3116.3968146749603,3523.8379288356155,4030.8781465857446,4611.162597609806,5154.506672223023,5549.605503209136,5931.534664458165
2026Q1,2026-09-23 17:59,stress,el_2_2.5,2027Q4,4829.564125552242,3115.284440199641,3359.1279992530112,3666.4308215349033,4145.896766012575,4766.486329527457,5431.093516608242,6079.1904944596845,6510.217314982549,6940.431204991866
2026Q1,2026-09-23 17:59,stress,el_2_2.5,2028Q1,3505.193696499442,2293.5347410523236,2469.898221278645,2666.8615703844166,3027.431898103307,3440.76325421044,3910.67849893528,4426.747761637847,4783.885548743169,5091.128650257275
2026Q1,2026-09-23 17:59,stress,el_3_3.5,2026Q2,3321.92197696741,1943.208623618864,2110.0162117749337,2316.0359577525724,2710.051829287535,3225.591579763504,3830.962087632791,4468.286841520844,4845.258964339776,5249.49964192085
2026Q1,2026-09-23 17:59,stress,el_3_3.5,2026Q3,3127.4154237121606,1791.6810782054156,1957.9393404342152,2157.073275629169,2531.720151026629,3028.866715661675,3623.6217963956697,4227.52338203233,4599.530979235554,4981.246279382515
2026Q1,2026-09-23 17:59,stress,el_3_3.5,2026Q4,3808.4432995331604,2151.961272955833,2384.004960276351,2645.132501940591,3085.5234494153615,3712.9279698871214,4419.720302913381,5104.573297712742,5588.243796668066,5985.936563271299
2026Q1,2026-09-23 17:59,stress,el_3_3.5,2027Q1,2827.6977822563267,1619.9276020321643,1773.017812524431,1932.3634945396889,2296.641471927069,2755.30797362661,3257.2464155572143,3794.3389063110376,4138.7444895511,4491.532141324546
2026Q1,2026-09-23 17:59,stress,el_3_3.5,2027Q2,3885.651760452507,2234.40487557434,2441.9667033858473,2684.797608510168,3138.035064104741,3753.2821995141885,4473.441898205427,5228.2255480660315,5828.890775508436,6291.799150441217
2026Q1,2026-09-23 17:59,stress,el_3_3.5,2027Q3,3571.4008178635413,2027.2124530311817,2193.2239182108383,2432.035602806869,2876.6274563417746,3469.052329316104,4148.449891940654,4832.001116134804,5245.20487770591,5669.61282037641
2026Q1,2026-09-23 17:59,stress,el_3_3.5,2027Q4,4217.475830208628,2363.26764955184,2613.629743860203,2897.3789605150478,3424.5911452688674,4095.3199623851547,4895.478121748386,5698.343736516488,6242.179033136922,6654.976129753163
2026Q1,2026-09-23 17:59,stress,el_3_3.5,2028Q1,3105.5008516285016,1784.8882332537755,1965.2194253930656,2150.6257543814468,2545.2472477821957,3009.028662830863,3585.4749257723174,4140.268316640081,4525.262362769532,4891.828997904768
2026Q1,2026-09-23 17:59,stress,el_3.8_5,2026Q2,622.5022382816624,278.6872865682225,316.19501974097767,363.54918516865746,457.44122445714265,591.3874732263886,746.858086097953,933.3940708317674,1036.7005910822409,1155.4771187489775
2026Q1,2026-09-23 17:59,stress,el_3.8_5,2026Q3,600.2078786009131,270.0178209691935,305.18578786828255,351.74696223176386,437.36085745318513,570.4479654125299,720.5754336122479,881.8019414431302,1003.307041258876,1131.3065764708558
2026Q1,2026-09-23 17:59,stress,el_3.8_5,2026Q4,743.0147662330219,338.56534875303277,377.97188687264486,432.9361623103939,541.7713683494794,699.0033609642666,893.0083899954129,1101.0198698853028,1248.2793127888754,1415.0777863499513
2026Q1,2026-09-23 17:59,stress,el_3.8_5,2027Q1,562.2048289939025,259.58951726525356,289.6009532984331,329.6640272385246,413.2100323033634,523.5125379943916,672.861643308965,845.9624311811486,966.1322637708812,1062.7210846715031
2026Q1,2026-09-23 17:59,stress,el_3.8_5,2027Q2,766.674014618843,343.06379297807786,386.3956932495277,440.2362994686486,560.3608177336608,721.0983643222355,924.8198820796174,1138.2395334497905,1289.159321810677,1454.5321167043896
2026Q1,2026-09-23 17:59,stress,el_3.8_5,2027Q3,717.350895637848,322.8574814099753,365.0723506325238,415.6565331162709,521.2972440996408,669.2387966357659,865.4239568911718,1075.2584595354945,1237.569731735283,1383.7552302528109
2026Q1,2026-09-23 17:59,stress,el_3.8_5,2027Q4,858.2011293576178,385.2512659429519,431.8326780337281,497.8222127344901,624.8917441381052,806.1062500633382,1028.6543640375596,1282.5968914342434,1470.6922969346685,1656.8402578385792
2026Q1,2026-09-23 17:59,stress,el_3.8_5,2028Q1,630.9944774272127,288.9399404272993,320.98504215017516,369.6908087084036,463.9968871401111,590.304979506401,755.9707920880903,943.6190750007028,1080.7931207563001,1197.2320287660066
2026Q1,2026-09-23 17:59,stress,el_5.5_8,2026Q2,84.96199271105858,6.000268734391025,8.60227837073809,12.533580187760807,23.76772621055371,48.892611242287515,98.29786123537191,191.88089950048206,284.9995951587344,394.3042035343668
2026Q1,2026-09-23 17:59,stress,el_5.5_8,2026Q3,88.96502352329236,6.315244902501203,8.50582591406621,12.544801338341221,24.120518549720167,48.94374428487451,102.84861585611942,198.73506703067326,297.8860972105146,412.72616590843154
2026Q1,2026-09-23 17:59,stress,el_5.5_8,2026Q4,112.38219261222342,8.020578998744107,10.748866761212236,15.747458335990125,31.321072802016023,63.07795072671764,128.52963413494604,256.88714713031453,384.0564295915096,512.664906105461
2026Q1,2026-09-23 17:59,stress,el_5.5_8,2027Q1,81.86717204693193,5.8287519185371055,7.858315045078351,11.700128488214581,22.561271414957247,46.36590010289141,95.95605233543634,184.2314333934889,268.6396210274912,359.02067585745107
2026Q1,2026-09-23 17:59,stress,el_5.5_8,2027Q2,113.88102664718423,7.720613506190317,10.852350861742233,15.50119789075966,30.848806258752298,64.67711690182708,133.76071194665644,250.60126280142168,364.71289698015505,512.1832961177674
2026Q1,2026-09-23 17:59,stress,el_5.5_8,2027Q3,107.84027635019308,6.410642486586804,9.602917071794721,14.199378835816294,28.18100002906946,59.8485093246862,125.87798586630652,243.42232636277436,359.6878584742573,508.7428718079745
2026Q1,2026-09-23 17:59,stress,el_5.5_8,2027Q4,130.15169221055342,9.053074577899858,12.22101641181392,17.65037159540913,33.910346501010736,71.69867022770228,146.306071502855,291.35737429409374,439.47723506186605,627.0770620426823
2026Q1,2026-09-23 17:59,stress,el_5.5_8,2028Q1,97.55078460823172,6.287625302706962,8.560270828304965,12.776286629308316,25.26573206399138,55.12771625952304,111.99757527866359,214.57501915808422,317.08981518048046,460.4455942943046
2026Q1,2026-09-23 17:59,stress,el_8.5_16,2026Q2,64.92511406221927,9.311319729824254,11.827167652346784,15.974160996251866,25.9891849598976,45.41363230511868,79.06222851878667,133.62764565652037,185.8121027487104,233.2229851578602
2026Q1,2026-09-23 17:59,stress,el_8.5_16,2026Q3,66.74211958427043,9.105439227674527,11.749821747741128,16.023527604372138,25.971720197405656,45.67312571559296,81.98346994995786,139.0545246961202,186.90256095857046,242.65245544730936
2026Q1,2026-09-23 17:59,stress,el_8.5_16,2026Q4,84.75450854225404,12.04489024553854,15.770758067327408,21.41762026884319,34.21372460808588,59.6435007954125,103.8030112177026,166.88998532953053,238.46691579019048,316.31852020735647
2026Q1,2026-09-23 17:59,stress,el_8.5_16,2027Q1,64.7440220357459,8.956273096300539,11.327891072884405,15.202663468299573,26.020446398319702,45.698644823598144,78.93299941375645,132.45768109029132,187.09102216021302,240.22898665225716
2026Q1,2026-09-23 17:59,stress,el_8.5_16,2027Q2,92.27742474217986,12.897784690683462,16.058083092044356,21.83997746824322,35.55483310216187,65.26446626355771,117.04705970492275,190.6394647708927,259.3277267419866,336.4363468324136
2026Q1,2026-09-23 17:59,stress,el_8.5_16,2027Q3,86.32689253694633,11.76504730718947,15.074082945840935,21.255444880625106,34.354097564225924,61.67588013869565,106.4253621564387,177.79102147268947,240.05987465148777,310.99545719832696
2026Q1,2026-09-23 17:59,stress,el_8.5_16,2027Q4,108.46070258736117,14.045257034057355,18.098482980152617,24.710184788825583,42.17153611891384,75.98271019481638,133.6237964874694,221.8930758331498,308.51800607269706,406.08633302911454
2026Q1,2026-09-23 17:59,stress,el_8.5_16,2028Q1,79.65122711834363,11.240102112009843,13.807141727467029,18.376176274030765,30.78914660628057,55.24486231268689,96.64322948521783,162.72084587097234,231.27849591195314,305.2215732471053
2026Q1,2026-09-23 17:59,optimistic,total_market,2026Q2,20869.86150395035,15413.510752818185,16307.034756392706,17263.83853415459,18837.00893514316,20670.36068325817,22641.559946234946,24618.224527454957,26092.00567031523,27376.459224138387
2026Q1,2026-09-23 17:59,optimistic,total_market,2026Q3,20829.11231782125,15480.572682768556,16404.56377281555,17234.201486484573,18781.738185700495,20542.545052026948,22592.42376744883,24690.64568157312,26208.830316475836,27636.896934096385
2026Q1,2026-09-23 17:59,optimistic,total_market,2026Q4,24958.68141597913,18173.898270400885,19182.103744797314,20383.505474457164,22389.133417827547,24671.323797028737,27209.408073626684,29711.609103732502,31648.348220925764,33404.60049117603
2026Q1,2026-09-23 17:59,optimistic,total_market,2027Q1,17943.437277596244,13171.219310619974,13917.334095280072,14662.082024461568,16024.814261226971,17604.468445655766,19433.829486948387,21587.560639710882,23225.111182225006,24791.825300121487
2026Q1,2026-09-23 17:59,optimistic,total_market,2027Q2,23877.13963446249,17219.470199448893,18196.553697017618,19308.275915743845,21340.86612475651,23481.688058697695,26030.90053865672,28800.988163617167,30787.813637234038,32990.414549024616
2026Q1,2026-09-23 17:59,optimistic,total_market,2027Q3,23756.417189721087,16750.32502977997,17727.1132262812,18775.97132069364,20799.787581585224,23327.738659505914,26128.700222439806,29107.572343153355,31561.113518776907,33473.65494090708
2026Q1,2026-09-23 17:59,optimistic,total_market,2027Q4,28951.150261569146,19806.819672473186,20981.150536373174,22357.43925586956,25026.657154768305,28211.41754964558,32001.955416929726,36525.60080323042,39586.856153374814,42337.67633048928
2026Q1,2026-09-23 17:59,optimistic,total_market,2028Q1,20675.792838181475,14131.02548243577,14991.901674014576,15975.11530271206,17796.347358189996,20038.420715900764,22904.285360947768,26197.3881490362,28533.311754819868,30555.861569364137
2026Q1,2026-09-23 17:59,optimistic,total_ice,2026Q2,5247.551070486148,3502.381606065996,3755.301351686546,3999.1959649550113,4498.67066565791,5115.9006236666555,5851.228020664173,6673.615447522459,7180.561805492403,7749.304549045373
2026Q1,2026-09-23 17:59,optimistic,total_ice,2026Q3,5540.271564409241,3657.3154725040836,3893.3078416614226,4167.6855996624245,4722.102081439759,5391.785578225214,6188.819516004198,7118.072648651751,7718.124276270764,8313.908537404206
2026Q1,2026-09-23 17:59,optimistic,total_ice,2026Q4,6507.881966459219,4258.240343991107,4527.976378486953,4881.968428102415,5538.18914954561,6282.798529809683,7273.195484946727,8371.351836042753,9222.699407560664,10074.73337271779
2026Q1,2026-09-23 17:59,optimistic,total_ice,2027Q1,4382.0361805976,2855.6498018846487,3054.9722228979267,3262.246146299086,3676.8073369607746,4229.121906576195,4913.209769808459,5664.546563948909,6227.935422572257,6788.96917187403
2026Q1,2026-09-23 17:59,optimistic,total_ice,2027Q2,5289.858257554317,3448.8774195546207,3666.208681739734,3966.2813173420054,4455.948380480435,5110.874256455098,5923.289650840454,6819.535383966908,7537.560646595881,8184.413969217209
2026Q1,2026-09-23 17:59,optimistic,total_ice,2027Q3,5525.698707449266,3443.513372024797,3647.846173448264,3996.11952659959,4558.090222648683,5281.450630561803,6226.043352140048,7318.77194152734,8145.733067070493,9036.950312384088
2026Q1,2026-09-23 17:59,optimistic,total_ice,2027Q4,6615.485248741384,4058.393709423598,4330.370140560209,4675.606210433623,5339.042810198234,6293.047256931991,7524.483645033719,8937.289971413411,9910.909963688782,10852.903092335859
2026Q1,2026-09-23 17:59,optimistic,total_ice,2028Q1,4489.6967049586065,2727.9979246201847,2913.085725160686,3170.5045422270414,3642.5302601871563,4289.450397317165,5083.387458636469,6066.698922019774,6796.919079095742,7408.666036210283
2026Q1,2026-09-23 17:59,optimistic,total_electric,2026Q2,15622.310433464203,11419.470643272716,12071.217856445943,12800.101920445713,14037.750845958955,15496.165968601203,17009.235971654427,18552.623166255762,19657.79032307833,20592.024827094807
2026Q1,2026-09-23 17:59,optimistic,total_electric,2026Q3,15288.84075341201,10831.667593854698,11667.869659809148,12453.221506951255,13651.407513641487,15082.121951755553,16723.54213021623,18317.16143326567,19466.400420940114,20506.60188780199
2026Q1,2026-09-23 17:59,optimistic,total_electric,2026Q4,18450.79944951991,13098.168770411683,13877.584036357392,14852.21298350736,16434.271087950125,18213.001779539765,20241.521899970874,22247.07871941587,23554.392788205212,24974.728929293582
2026Q1,2026-09-23 17:59,optimistic,total_electric,2027Q1,13561.401096998643,9893.33339186917,10364.123437586071,10979.428695996456,12008.037193285898,13288.926105139344,14779.456114976272,16543.522562277223,17674.129423003666,18936.936217776005
2026Q1,2026-09-23 17:59,optimistic,total_electric,2027Q2,18587.281376908173,13197.244818479117,14054.144322348506,14899.497689634258,16508.909359315745,18265.265851305576,20401.7015810979,22658.82689816433,24088.5909732516,26025.09962084728
2026Q1,2026-09-23 17:59,optimistic,total_electric,2027Q3,18230.71848227182,12634.305108668721,13336.54873405163,14255.218910221949,15857.722067211773,17864.79598998643,20137.532756492197,22632.267680932633,24406.96336564121,26259.96970673812
2026Q1,2026-09-23 17:59,optimistic,total_electric,2027Q4,22335.66501282776,14918.133437039565,15899.703333636673,17053.139360298974,19174.949318824936,21815.137497167438,24819.30598296129,28248.416471434408,30685.224720228605,33043.820146652746
2026Q1,2026-09-23 17:59,optimistic,total_electric,2028Q1,16186.09613322287,10924.389994461742,11485.972710498088,12324.036040553863,13880.086935351706,15641.340132191799,18024.67395612611,20655.57282506392,22626.2896232186,24197.451862451777
2026Q1,2026-09-23 17:59,optimistic,electric_share,2026Q2,0.7486220581075694,0.6627781290246314,0.6810391360761803,0.7015226069978028,0.7294110647676839,0.7544609292839561,0.7732106446792424,0.7878380112820997,0.796235097002236,0.8026639823950833
2026Q1,2026-09-23 17:59,optimistic,electric_share,2026Q3,0.7339131431840444,0.6277495736381745,0.6551968556938232,0.6792219511359275,0.7133125283744687,0.7404504923554114,0.7630681580130904,0.7805991325553602,0.7895700551589795,0.796326226115707
2026Q1,2026-09-23 17:59,optimistic,electric_share,2026Q4,0.739233643254543,0.6402034839181867,0.6617414323916625,0.686324602406162,0.7184312115700305,0.745067334149738,0.767825892071868,0.7851838775440845,0.7936779881358584,0.799912401270033
2026Q1,2026-09-23 17:59,optimistic,electric_share,2027Q1,0.7558364582692896,0.6632435919207988,0.6832046340966512,0.7054148086689769,0.735028546700109,0.7633281312959883,0.7835712694996033,0.798210051109632,0.8054429902478955,0.810791310689952
2026Q1,2026-09-23 17:59,optimistic,electric_share,2027Q2,0.7784490117255853,0.6853944382390127,0.7122721829464346,0.7321666812327607,0.7629173872223987,0.7863108547098361,0.8027966619834678,0.8148431868936212,0.8204930600786844,0.8239945207267405
2026Q1,2026-09-23 17:59,optimistic,electric_share,2027Q3,0.7674532433678591,0.665558023949956,0.6907698974744576,0.7145195439771794,0.7474688873479552,0.7760336640591021,0.797073204669494,0.8103934191598394,0.8174694901752761,0.8232397078244877
2026Q1,2026-09-23 17:59,optimistic,electric_share,2027Q4,0.7715394564240248,0.66213995031563,0.6895683621973496,0.7165224581897964,0.7526211906251645,0.7809735668265652,0.801036129715457,0.8144567787654269,0.8204631457704913,0.8245509069434149
2026Q1,2026-09-23 17:59,optimistic,electric_share,2028Q1,0.7827047944716162,0.6811983104846093,0.706375390872632,0.7322999636372445,0.7659852252702991,0.7913888397643654,0.8101715346323806,0.8217853204845632,0.8273106262242171,0.8312112278348511
2026Q1,2026-09-23 17:59,optimistic,ice_1_1.8,2026Q2,1385.9116922676285,687.0919449694413,769.2296847277769,862.8295478793578,1065.1947263371278,1328.9758310829602,1646.937397727912,1970.9542277334563,2198.930715172323,2433.052011672929
2026Q1,2026-09-23 17:59,optimistic,ice_1_1.8,2026Q3,1481.7831091282212,731.4731037198401,824.4401760038,919.7239760427414,1127.4642793264493,1410.5737902941078,1758.2114974570015,2111.371092908438,2397.0374962057276,2665.243052626676
2026Q1,2026-09-23 17:59,optimistic,ice_1_1.8,2026Q4,1748.4696811858073,845.8381900739961,950.1518374870918,1080.0955305683353,1332.7605134023574,1663.577160601033,2057.9727565655126,2537.429394306667,2881.6736734661367,3182.1507404503977
2026Q1,2026-09-23 17:59,optimistic,ice_1_1.8,2027Q1,1189.9466078954763,587.5863830434931,663.9859645610751,738.2744561652015,911.8777214121681,1129.1921057087902,1396.171066779051,1711.5521534144727,1929.102362457521,2130.4667807630553
2026Q1,2026-09-23 17:59,optimistic,ice_1_1.8,2027Q2,1434.6892960238313,716.1361135736095,794.7982264662737,902.8656926430339,1092.9791612843783,1356.4026431071281,1696.2095779543006,2083.0754556547413,2327.794874835279,2544.6245318690385
2026Q1,2026-09-23 17:59,optimistic,ice_1_1.8,2027Q3,1510.1261057027045,711.0609881806548,799.5021629904338,901.7145040362497,1127.0211825312508,1422.9024777205173,1779.0834920372038,2198.0558462576323,2515.711939191382,2836.408675682376
2026Q1,2026-09-23 17:59,optimistic,ice_1_1.8,2027Q4,1812.212135664781,841.9831993231816,950.050710059562,1075.9197961422594,1337.4800543432998,1690.4185091087957,2151.670837280565,2707.3154657750492,3072.653065578129,3509.189575717575
2026Q1,2026-09-23 17:59,optimistic,ice_1_1.8,2028Q1,1235.0105089022009,559.2388432869678,644.8183816946342,737.2602196614082,913.6380010190501,1148.6902179153387,1469.4910969245122,1834.6129718231157,2128.8327559808067,2389.527392632855
2026Q1,2026-09-23 17:59,optimistic,ice_2_2.5,2026Q2,1198.9299953097593,695.6070128245159,754.7206057843847,834.6092380964355,979.4528186037911,1162.561909854162,1382.5407499046723,1597.120075453206,1743.9163337228529,1899.1286152100572
2026Q1,2026-09-23 17:59,optimistic,ice_2_2.5,2026Q3,1282.0201361597055,731.0079534996223,798.9929166906211,883.6989071508024,1042.3892429225232,1237.865852754773,1470.560772383973,1735.3855364008632,1910.197870540853,2087.3309835770215
2026Q1,2026-09-23 17:59,optimistic,ice_2_2.5,2026Q4,1518.1851928919648,854.6746944153614,937.9255583229013,1035.7354546740387,1212.5452559817245,1463.1488321805073,1754.3777972075804,2055.340546712779,2296.6627815203155,2529.1758305226344
2026Q1,2026-09-23 17:59,optimistic,ice_2_2.5,2027Q1,1027.4651692580396,586.9094697006884,635.7850049328409,701.1810274658175,824.5220884125937,977.2326508504191,1188.420394298245,1401.1980681844138,1562.6386768100965,1715.3497749295775
2026Q1,2026-09-23 17:59,optimistic,ice_2_2.5,2027Q2,1247.4314655952373,698.1118230385721,766.1433726432234,854.0318804811201,999.4737340724712,1196.4538331216056,1432.334725438509,1718.5450227471958,1921.5413195649626,2086.2557114120923
2026Q1,2026-09-23 17:59,optimistic,ice_2_2.5,2027Q3,1302.1581012087925,718.7076650944293,784.5057928361881,855.808259257628,1019.4043791676347,1242.9913469278467,1509.0103334585476,1825.769595484665,2042.9526668526853,2267.7706687258346
2026Q1,2026-09-23 17:59,optimistic,ice_2_2.5,2027Q4,1562.3456935492259,828.1442706317882,920.5980399777765,1017.4656972990489,1215.0443136093236,1464.8598787090127,1819.0011505090567,2215.9310045304433,2502.5734926093282,2789.7890913502943
2026Q1,2026-09-23 17:59,optimistic,ice_2_2.5,2028Q1,1067.4744435667396,574.1228486101272,631.9701959874676,703.3109483515942,832.2300775725334,1013.8765816749669,1235.2494358522667,1498.6010044758173,1684.1666500577778,1898.2202648702787
2026Q1,2026-09-23 17:59,optimistic,ice_3_3.5,2026Q2,2055.9449353051123,1293.5578488272001,1394.9804611500304,1509.104937292843,1725.9155174877242,1988.2454599251141,2328.1400881567024,2686.119711418498,2912.977190258946,3128.688935593038
2026Q1,2026-09-23 17:59,optimistic,ice_3_3.5,2026Q3,2139.75063448623,1315.5690886992845,1425.901041656775,1548.659153802489,1780.6123861188692,2075.6013272161135,2419.902637009662,2793.654678751867,3080.1898443253654,3315.76414649178
2026Q1,2026-09-23 17:59,optimistic,ice_3_3.5,2026Q4,2490.3220667669607,1545.0582130319692,1650.888267007473,1785.740348011328,2074.0665175194554,2404.4150625962457,2825.4835069141955,3261.4044066855613,3603.7187438135925,3923.0421564289218
2026Q1,2026-09-23 17:59,optimistic,ice_3_3.5,2027Q1,1655.4632840642003,1012.8186633018862,1085.6021098614472,1175.201783109898,1367.4434229079627,1597.453824024535,1887.2093709548312,2195.913016789978,2410.756421103167,2640.1209500273008
2026Q1,2026-09-23 17:59,optimistic,ice_3_3.5,2027Q2,1984.8131648993042,1208.48067020611,1306.260708866561,1419.841718073745,1647.9288168845028,1917.890668820348,2253.0893379381796,2616.3588914542197,2869.2618431203164,3135.3109069813127
2026Q1,2026-09-23 17:59,optimistic,ice_3_3.5,2027Q3,2057.325286366699,1202.0623829779274,1305.04189867713,1435.5093792642695,1661.4966408984633,1970.6047679793942,2344.860836022683,2765.291732146927,3129.834612886715,3488.6266587129267
2026Q1,2026-09-23 17:59,optimistic,ice_3_3.5,2027Q4,2456.235445958964,1409.1396199571018,1526.3144869548378,1673.6502806047097,1945.9598806085237,2342.7327134817356,2818.131461070526,3377.752250852433,3763.3902906666785,4203.490761887707
2026Q1,2026-09-23 17:59,optimistic,ice_3_3.5,2028Q1,1658.567060860281,963.8205434132146,1033.1159997447046,1136.774380141577,1326.922152810834,1574.7641024240938,1903.4799697414342,2273.8792881863587,2532.1049679991206,2840.3792121019096
2026Q1,2026-09-23 17:59,optimistic,ice_3.8_5,2026Q2,377.71541264449,170.2819409338628,190.54639953545166,216.61384201022207,273.9873248746148,349.2325720353761,453.8191651981423,570.2996562909799,667.4537375843166,761.3588080845964
2026Q1,2026-09-23 17:59,optimistic,ice_3.8_5,2026Q3,388.71591382027975,173.10517024963252,195.06392212195072,224.21166553224617,281.7570425121009,361.74068606801245,464.12770813254207,584.9585649326457,665.1114059757673,758.3829473007048
2026Q1,2026-09-23 17:59,optimistic,ice_3.8_5,2026Q4,447.8310240342058,201.5026357703094,224.44837940173707,255.22953288905117,323.1758701465067,416.3919412482792,534.6551558579702,674.1115386567517,778.9390733057722,887.5415617811657
2026Q1,2026-09-23 17:59,optimistic,ice_3.8_5,2027Q1,302.55319664847747,130.68766916625603,149.97335800900566,171.9835435915534,216.17273690697675,280.72550996870416,361.9868122489234,460.3070635779808,534.1491539483461,604.8032355534828
2026Q1,2026-09-23 17:59,optimistic,ice_3.8_5,2027Q2,363.9119152437354,157.7752040937036,178.7122127051925,201.9934591808339,257.6554067794429,339.0495358269875,442.2998828536581,556.3138428830918,639.0683668915938,720.8023925444463
2026Q1,2026-09-23 17:59,optimistic,ice_3.8_5,2027Q3,380.2937046621948,154.43446254375723,175.59196878409526,207.12264504576908,266.9562211665534,348.8535121663324,461.05767216127435,593.2504215583368,680.5633359336733,786.6182668110245
2026Q1,2026-09-23 17:59,optimistic,ice_3.8_5,2027Q4,450.5785850415528,183.42841032394168,210.0291288722835,245.51256060511662,314.23945076625927,411.5196092298853,545.4743252048629,706.9546227636592,809.871001110606,921.2333531708575
2026Q1,2026-09-23 17:59,optimistic,ice_3.8_5,2028Q1,301.84619702981115,123.06784010959261,141.6292514313034,161.056615528683,208.16227041754001,275.3771727299783,366.33318476914326,477.3062575873935,546.7508802025266,618.3833696010952
2026Q1,2026-09-23 17:59,optimistic,ice_6_8,2026Q2,104.1346015535221,23.549255679502437,29.303656772901466,36.95978295566994,54.97211148043764,85.11405467751537,130.3563821639003,195.81529838291328,246.18756427691258,298.3709702505714
2026Q1,2026-09-23 17:59,optimistic,ice_6_8,2026Q3,109.85261516507492,25.354654602784983,31.510229379522006,39.22291819530948,58.16896940792514,90.17029553580755,136.67541829679305,202.82584473112908,256.0734273154924,313.5273171433158
2026Q1,2026-09-23 17:59,optimistic,ice_6_8,2026Q4,132.4132639945909,29.261278238088344,37.073597300153935,46.932530256036344,69.42489368608688,108.20430935224834,166.994108753849,244.85855214055712,315.91317621796867,377.6765953040819
2026Q1,2026-09-23 17:59,optimistic,ice_6_8,2027Q1,89.45698380868558,20.093909281040947,24.80532270269966,31.820809592799858,46.858272164863,71.43164528101215,113.18044908943783,170.01115887209312,211.21425235959353,257.6868697670645
2026Q1,2026-09-23 17:59,optimistic,ice_6_8,2027Q2,112.06489953933016,24.795062337437155,30.38223268408977,38.473211934202894,58.375319302247405,90.89562361175615,141.3997838192758,211.7867312884078,264.89428183556583,320.22111249484885
2026Q1,2026-09-23 17:59,optimistic,ice_6_8,2027Q3,118.57624026335475,25.39681316613594,31.435528212056436,39.719615051392424,59.561792290768835,96.43113198013742,150.85033895772858,221.72912319735065,277.0945737073394,343.7034185527728
2026Q1,2026-09-23 17:59,optimistic,ice_6_8,2027Q4,141.53321623566805,31.5302403305727,37.6899698574007,48.108610105164374,71.89936374780082,114.9669942419905,177.8687484254329,263.4850561952977,339.81854061526076,406.12101647514515
2026Q1,2026-09-23 17:59,optimistic,ice_6_8,2028Q1,95.84562303157011,20.714820002158756,25.923845095245085,33.35632805779091,49.39923379802348,76.29989864608504,119.64144664785621,180.88046372334782,233.84139802065144,274.20187928358274
2026Q1,2026-09-23 17:59,optimistic,ice_8.5_10,2026Q2,81.81915704291626,32.29528896429885,36.32112284712407,42.65846339019858,55.16398284937343,74.54757453790407,100.2429877447514,129.82146838937825,151.31264279755337,177.42009435206708
2026Q1,2026-09-23 17:59,optimistic,ice_8.5_10,2026Q3,89.65489211471039,34.92920789839489,39.68608946390853,46.57642443574934,60.61238416592346,81.60313505263957,109.13807492081952,144.05697483032307,170.2917857643314,190.24602897361436
2026Q1,2026-09-23 17:59,optimistic,ice_8.5_10,2026Q4,110.36804718719644,40.975437371773225,47.394477792960785,56.298120226513646,73.81923920453221,100.35665902677854,135.4320337116209,176.9293652129355,206.84601542029364,240.54877638946147
2026Q1,2026-09-23 17:59,optimistic,ice_8.5_10,2027Q1,76.63658773911368,29.267393284230398,33.74582535729234,39.35111981140989,51.51767662364642,68.897764385344,92.84828878192499,122.86876645981582,145.67864195350367,166.91153756098225
2026Q1,2026-09-23 17:59,optimistic,ice_8.5_10,2027Q2,95.31686821962599,36.0531509288183,41.38251723058973,48.78770075356228,63.88983718740859,85.7878335568206,115.46969066968882,154.11462831017224,178.36598448573403,205.0112325095657
2026Q1,2026-09-23 17:59,optimistic,ice_8.5_10,2027Q3,99.56187658004973,35.98386912121757,41.79627053655851,50.01895667337226,65.8237563539089,89.21614061397005,122.13634940032748,159.23649513650733,188.68452474169672,221.20989701768565
2026Q1,2026-09-23 17:59,optimistic,ice_8.5_10,2027Q4,123.4311641261715,42.608909987414,50.08922249379195,59.981707392262024,79.3669852165375,108.84651029277941,151.61430286661667,203.1109689560886,242.3995310461577,288.1725109782586
2026Q1,2026-09-23 17:59,optimistic,ice_8.5_10,2028Q1,84.01129106295365,29.491789600736084,34.0415819563744,41.32811024090791,54.802391524131906,73.74955031036592,104.81813456912577,138.49012261487533,163.25113573589326,186.8237542637066
2026Q1,2026-09-23 17:59,optimistic,ice_11_18,2026Q2,36.55108962917454,3.369567052519561,4.404558840548984,6.303701136437539,11.988232792187297,22.9212441767664,44.76695118476317,79.68597257422125,110.39529895721427,151.80174286824342
2026Q1,2026-09-23 17:59,optimistic,ice_11_18,2026Q3,41.13759179767397,3.6923391097537555,5.142055583392702,7.200507884982268,13.481197076238141,26.13418602128216,49.494482096692394,88.39411702053815,126.43792487274935,171.12363873722362
2026Q1,2026-09-23 17:59,optimistic,ice_11_18,2026Q4,51.35345283433769,4.78056600981089,6.4085306879824815,8.901346057406004,16.04302059803094,31.649630813054237,62.859444386888725,113.25640901574397,158.25416197564687,217.1748808346068
2026Q1,2026-09-23 17:59,optimistic,ice_11_18,2027Q1,34.35696213821828,3.381332477706812,4.604717942545664,6.153062873611205,11.182857285715537,21.351674982373083,42.02225904523986,75.1941235960069,106.73923807489213,147.0548438871529
2026Q1,2026-09-23 17:59,optimistic,ice_11_18,2027Q2,44.18722607233594,4.0585151572714375,5.540355904233603,7.912596319906452,14.008733709474967,27.041707790608896,53.88463437865473,99.37287640064498,142.63181795607932,185.92271555564952
2026Q1,2026-09-23 17:59,optimistic,ice_11_18,2027Q3,49.62916167880292,4.401383831367629,5.832649023705715,8.120174946779915,14.647069750968617,29.872540140099588,57.85791733958774,108.18913916275214,154.07518072844962,208.87884595871571
2026Q1,2026-09-23 17:59,optimistic,ice_11_18,2027Q4,59.26922486996852,4.995888044541676,6.890923887222442,9.845773005871498,18.018305658411663,36.18527023775695,72.56493818851416,128.4645782943426,184.80732651366154,257.2630105504262
2026Q1,2026-09-23 17:59,optimistic,ice_11_18,2028Q1,40.31937667989149,3.527761504468534,4.672550529671341,6.723375990076137,11.874596890283572,23.330776192463823,46.433874886860934,89.3279453375301,134.53286001860545,193.87737684089703
2026Q1,2026-09-23 17:59,optimistic,ice_20_25,2026Q2,6.544186733544888,1.196284225596086,1.508990408597546,2.000575098494313,3.094365820276855,5.0827191172256505,8.195105662409599,12.843813567315747,16.582825584019826,20.81687449511592
2026Q1,2026-09-23 17:59,optimistic,ice_20_25,2026Q3,7.356671737345677,1.3350016811509087,1.6864272679355776,2.198044551069618,3.4520041656259943,5.621830031842589,9.20004305378043,14.468795091740713,19.001900659609674,23.53607372602716
2026Q1,2026-09-23 17:59,optimistic,ice_20_25,2026Q4,8.939237564155388,1.5805067508925068,2.011639763670181,2.6602601132394903,4.157955880629836,6.722369507369606,11.226273323906915,17.449859677980523,23.514663693614153,29.343267595320928
2026Q1,2026-09-23 17:59,optimistic,ice_20_25,2027Q1,6.15738904538759,1.137921293939518,1.4060020402786388,1.7734464809255124,2.777542425423341,4.655906850900232,7.7502991042531075,12.517130928739359,15.910212263467367,19.77526362581913
2026Q1,2026-09-23 17:59,optimistic,ice_20_25,2027Q2,7.4434219609161225,1.3557043987908142,1.703676945620511,2.175778157581798,3.4269820562248086,5.54450297831154,9.447857259612924,14.744565823550447,18.96145567299987,23.868955272297416
2026Q1,2026-09-23 17:59,optimistic,ice_20_25,2027Q3,8.028230986668845,1.4122589692111325,1.7638382392304515,2.3080133510485727,3.709822127590413,6.0465404848045585,9.97521098583556,15.962223837726755,20.719186283405016,26.161939848526423
2026Q1,2026-09-23 17:59,optimistic,ice_20_25,2027Q4,9.87978329505222,1.7410048221360692,2.1500553683318238,2.791198658356413,4.386244949468171,7.414588356640946,12.37838276133932,19.480065669508594,25.325291027447772,33.11281276399536
2026Q1,2026-09-23 17:59,optimistic,ice_20_25,2028Q1,6.622203825159051,1.187166844414836,1.4377804542375658,1.8826212213747926,3.0339588556403365,5.04779362748664,8.270176485143807,13.295284577964265,17.24190181495497,20.991693347385798
2026Q1,2026-09-23 17:59,optimistic,el_1_1.8,2026Q2,7233.563658299118,5114.082996645756,5414.753272973084,5781.039757220852,6419.005373529908,7132.467535666912,7937.418391492729,8796.51353142214,9383.740296788794,9857.732681524041
2026Q1,2026-09-23 17:59,optimistic,el_1_1.8,2026Q3,6960.945389691179,4821.066706625143,5154.1035098836755,5518.083642422803,6130.498777693998,6875.6294792982335,7692.825517144283,8516.498860828644,9040.526527112368,9537.10748483073
2026Q1,2026-09-23 17:59,optimistic,el_1_1.8,2026Q4,8291.184483684438,5648.188495917756,6055.796004955655,6510.7605524907885,7261.999510991305,8192.44674913611,9168.429043835838,10150.720962523963,10837.218658593642,11502.427761484052
2026Q1,2026-09-23 17:59,optimistic,el_1_1.8,2027Q1,6022.172713898371,4245.219754970676,4469.974321776203,4745.89724521959,5257.042169006075,5894.8674482144,6629.491447356357,7440.731023894686,7984.880830161126,8679.30436106737
2026Q1,2026-09-23 17:59,optimistic,el_1_1.8,2027Q2,8171.516620863179,5606.707486920612,5990.213594691596,6393.816554784481,7132.726187333759,8037.059498414989,9043.37351600693,10132.110632662585,10803.746707809183,11626.43295983016
2026Q1,2026-09-23 17:59,optimistic,el_1_1.8,2027Q3,7955.689089869599,5282.09705233334,5622.877606746654,6080.601523665463,6833.843603492368,7770.887398029665,8854.618080804139,10001.603892027319,10805.309182562523,11712.629180052108
2026Q1,2026-09-23 17:59,optimistic,el_1_1.8,2027Q4,9700.994987089134,6268.302065740774,6671.382510063106,7243.486167293184,8229.57935640835,9478.92134713927,10853.79585832226,12381.716786447296,13553.570670502455,14636.956313218476
2026Q1,2026-09-23 17:59,optimistic,el_1_1.8,2028Q1,6995.028794585155,4514.6959120293095,4877.988115695131,5246.77358109889,5900.520412166708,6771.480890099317,7837.929132538374,9103.253541287253,9902.712651300284,10555.494080424136
2026Q1,2026-09-23 17:59,optimistic,el_2_2.5,2026Q2,4315.290752894799,2966.7557709936864,3152.472334413726,3356.018795079803,3759.494543679214,4241.84874184893,4785.44288474161,5364.355194812604,5741.838597745064,6061.795890278187
2026Q1,2026-09-23 17:59,optimistic,el_2_2.5,2026Q3,4193.398696999406,2814.0674246205235,2987.836612620894,3219.975239993591,3626.170504289914,4124.477509645127,4680.394667676421,5220.582088509832,5590.917857510849,5912.563165471574
2026Q1,2026-09-23 17:59,optimistic,el_2_2.5,2026Q4,5024.216044064777,3275.730165025103,3540.9702257784706,3827.6021843116955,4323.778713748316,4944.065725414097,5624.335410996151,6302.935136520071,6759.316511631427,7171.300249913025
2026Q1,2026-09-23 17:59,optimistic,el_2_2.5,2027Q1,3685.0015988844875,2492.934707809138,2651.8939779544703,2837.396961710699,3170.2951242971585,3600.3790123205254,4097.12945749568,4672.442375313002,5026.018417419553,5408.217041413888
2026Q1,2026-09-23 17:59,optimistic,el_2_2.5,2027Q2,5037.851047377283,3299.2816563264423,3531.9514476260583,3810.661244041386,4340.225370831524,4933.158732900962,5643.049253371682,6390.960923656384,6908.419381983486,7305.245979735572
2026Q1,2026-09-23 17:59,optimistic,el_2_2.5,2027Q3,4920.028962770924,3153.846005203894,3378.0492502704974,3665.7971721715676,4164.260868706192,4803.201804318558,5527.380711608375,6319.149531256584,6889.055223910139,7509.787768874127
2026Q1,2026-09-23 17:59,optimistic,el_2_2.5,2027Q4,6006.065659390375,3753.946930514557,4023.632348130219,4394.604216864108,5057.47946595719,5864.750199000167,6752.668587555018,7821.299823941137,8567.851494026923,9288.970047038147
2026Q1,2026-09-23 17:59,optimistic,el_2_2.5,2028Q1,4349.209955672655,2723.0414767732345,2934.2073266968755,3194.724342945498,3633.076810273206,4190.4888738964555,4910.472272438332,5697.389691735232,6305.322097748466,6763.55388129861
2026Q1,2026-09-23 17:59,optimistic,el_3_3.5,2026Q2,3308.4715490756485,1892.2148988662582,2069.8696188376202,2307.2158398953725,2710.4834198919802,3219.98431549722,3830.2221409985787,4453.768368974683,4831.902090457351,5211.012022727879
2026Q1,2026-09-23 17:59,optimistic,el_3_3.5,2026Q3,3342.6296664365436,1900.6170411171445,2079.924722730053,2305.465159199856,2709.0287794947117,3245.608759660604,3861.2908312887116,4493.179453264297,4955.375891872743,5379.592243529631
2026Q1,2026-09-23 17:59,optimistic,el_3_3.5,2026Q4,4129.721036465338,2366.8227707377137,2573.5534260674845,2856.9226225845896,3345.0221506377607,4006.871195345353,4783.688774641749,5589.5946231056405,6076.7576707887765,6564.868305320887
2026Q1,2026-09-23 17:59,optimistic,el_3_3.5,2027Q1,3081.9115139892447,1786.708469397608,1929.0286470712606,2128.5694544220555,2505.317675782532,2982.6267327038818,3541.391968950339,4174.720395702786,4571.541156764579,5003.635384307065
2026Q1,2026-09-23 17:59,optimistic,el_3_3.5,2027Q2,4290.946235789603,2456.171082975892,2665.4264518971677,2920.80379557009,3495.8258055053557,4164.3697826668285,4975.358518726571,5728.779775316671,6340.553144332465,6916.229509813149
2026Q1,2026-09-23 17:59,optimistic,el_3_3.5,2027Q3,4264.048332604589,2352.9329601103973,2586.462996008209,2880.7796675578084,3422.263651347682,4115.058915128735,4923.477484822775,5813.96977008147,6505.611162562332,7086.506549648665
2026Q1,2026-09-23 17:59,optimistic,el_3_3.5,2027Q4,5268.331896477628,2899.399415572429,3170.049656183529,3478.797330306138,4143.083026027948,5056.621496231076,6138.854845754324,7331.597329457158,8168.366093977712,8910.928966275085
2026Q1,2026-09-23 17:59,optimistic,el_3_3.5,2028Q1,3852.903320952132,2090.48308609838,2290.5587443450063,2535.3960693203667,3036.6509195412,3678.468031374403,4487.515852914022,5398.130900645509,5974.726563291448,6643.43012745889
2026Q1,2026-09-23 17:59,optimistic,el_3.8_5,2026Q2,615.6686252925011,284.286279102,317.23318666093934,362.84727321697164,454.24270732665565,579.779641008246,734.0095878240824,902.0244292218225,1039.0797971961808,1167.8484914322853
2026Q1,2026-09-23 17:59,optimistic,el_3.8_5,2026Q3,628.8461624786265,296.8862169112945,333.77812122653177,375.65995153778226,470.2038470024939,592.5098631736616,751.8898855407656,924.386967073202,1048.166174704499,1172.2997968159918
2026Q1,2026-09-23 17:59,optimistic,el_3.8_5,2026Q4,798.066560530406,361.8698796651046,413.92194527865007,473.37177717891007,587.1459948137547,750.9029314772558,948.7871164704752,1182.6165681288594,1362.3678943313864,1532.8496429349752
2026Q1,2026-09-23 17:59,optimistic,el_3.8_5,2027Q1,606.6783360917264,272.58031307177583,304.05468353527226,348.5645905210364,438.0803260969049,564.6563560768009,727.5553005680978,908.4689284974644,1056.6437168639022,1172.3745396538072
2026Q1,2026-09-23 17:59,optimistic,el_3.8_5,2027Q2,855.0150885304471,380.37174939607047,440.22547860317206,502.8818439660538,627.4109962831229,801.3231175994321,1016.585293465127,1270.1313666095136,1462.4711391803348,1643.1348735123008
2026Q1,2026-09-23 17:59,optimistic,el_3.8_5,2027Q3,850.9188346649086,378.00513311007273,426.7491204000146,487.2570932216943,611.6524629380349,787.6094380524432,1023.5683058252012,1297.904376397272,1482.7282336838778,1665.6423091033712
2026Q1,2026-09-23 17:59,optimistic,el_3.8_5,2027Q4,1065.5069920855835,457.0534121985654,516.7726234804453,598.9340190986242,764.8185087541814,988.6286163525874,1292.0061185570257,1622.5187375261673,1828.6042955498704,2091.057224005558
2026Q1,2026-09-23 17:59,optimistic,el_3.8_5,2028Q1,772.0681650349535,331.5786116441423,377.6348292745175,441.98545989161636,559.2276684698131,716.5609513138309,930.0992402321409,1168.1712203753143,1332.8841443896824,1498.555729041448
2026Q1,2026-09-23 17:59,optimistic,el_5.5_8,2026Q2,85.59012167916113,6.025710764071335,9.532098276073075,13.376596553562127,24.884106907016957,50.920727691775014,97.53734256893979,188.54804666739153,273.8978951275861,391.3035748974975
2026Q1,2026-09-23 17:59,optimistic,el_5.5_8,2026Q3,91.65364520552109,6.237744123063829,8.787961539447476,13.368578856682836,25.326774806779135,50.76521637610288,107.29335039616114,200.78250022944601,290.2413668924005,403.1079556557353
2026Q1,2026-09-23 17:59,optimistic,el_5.5_8,2026Q4,117.3071830477452,8.95512482913014,12.003417262568293,17.78846155489425,32.58440296459188,65.45925245076519,134.09634761352493,268.1262214469212,389.87591380154777,535.1838558318943
2026Q1,2026-09-23 17:59,optimistic,el_5.5_8,2027Q1,92.85953997222039,6.146820752475172,8.652016407431312,12.511760475867982,24.563827329533517,52.76520202831256,110.72354856417903,202.72946932990132,305.4621857300285,420.0654751422907
2026Q1,2026-09-23 17:59,optimistic,el_5.5_8,2027Q2,126.85111330013652,8.340733371958317,11.860039158748908,17.491370047174833,35.22175157760576,72.08812804259315,149.75967687026525,285.66262644582946,409.8338769065088,579.9266204874593
2026Q1,2026-09-23 17:59,optimistic,el_5.5_8,2027Q3,131.75933874551194,8.820895938860428,12.307252862448362,18.012289189645642,34.058063525394104,72.35391715938586,155.97853779823356,296.02958379250396,447.48803396586425,610.0660854634269
2026Q1,2026-09-23 17:59,optimistic,el_5.5_8,2027Q4,163.64093011282048,10.396931014922362,15.079580508025892,22.091058890359868,43.57091140568464,92.04277207780311,195.57563943587112,372.9397291259093,541.1136227824213,765.8321913532417
2026Q1,2026-09-23 17:59,optimistic,el_5.5_8,2028Q1,118.14437635018623,7.138673341113458,10.399959902254285,15.78193588308726,30.8455710873732,68.0268269843901,140.4529890554707,266.23684028699097,388.7692787433505,527.991222744358
2026Q1,2026-09-23 17:59,optimistic,el_8.5_16,2026Q2,63.72572622297105,9.080338046702703,11.774519733509697,15.94021558392683,26.413190525019004,45.36205330590569,77.83478759820306,130.12868365322035,178.23544670232312,234.0038748091949
2026Q1,2026-09-23 17:59,optimistic,el_8.5_16,2026Q3,71.36719260073556,10.061718789159896,13.138178650475787,17.446203131818596,28.91606356400718,49.34552947821078,87.1351829885275,145.45241996814894,199.82664329776756,259.22635788016237
2026Q1,2026-09-23 17:59,optimistic,el_8.5_16,2026Q4,90.30414172720478,13.26019888770965,16.796324576833463,22.97834506494356,37.36096254087473,66.03197218071462,112.89134598327493,182.25277088847213,241.79975939877679,314.4216174193587
2026Q1,2026-09-23 17:59,optimistic,el_8.5_16,2027Q1,72.77739416259405,10.340070368379061,13.242159711534944,17.65413301931578,29.473052650219763,51.637359320191976,90.86620555495719,150.62665768626127,196.24624956056607,255.46016285095266
2026Q1,2026-09-23 17:59,optimistic,el_8.5_16,2027Q2,105.10127104752475,13.61132871527493,18.042490406157295,25.010830909809535,40.91908059421727,72.7331724678435,130.96313319587384,218.44530535673866,295.2992988321701,388.26812038462964
2026Q1,2026-09-23 17:59,optimistic,el_8.5_16,2027Q3,108.27392361628681,14.25407750568679,18.688160885444848,25.70254919309275,41.96556409433487,73.94646293554172,135.41147205601612,223.61271137423424,307.8854059553725,411.5841086142735
2026Q1,2026-09-23 17:59,optimistic,el_8.5_16,2027Q4,131.12454767221777,17.164095483943683,22.690698547872426,31.34588112419937,51.51115482885882,88.89388377183778,157.9716041063544,271.0502299158644,370.61667518313635,494.13547846273343
2026Q1,2026-09-23 17:59,optimistic,el_8.5_16,2028Q1,98.74152062778626,14.25917346546989,17.86357954900531,23.656084926135918,39.259543459316916,68.98559571582535,123.04040791762444,204.31202056184284,283.82431499247923,368.2589675684875
2026Q1,2026-09-23 17:59,weighted,total_market,2026Q2,20912.65390307308,15521.016343358222,16351.760236793794,17276.506612868987,18888.17273444846,20717.26566437492,22644.216200387724,24766.691536235543,26116.478857116705,27445.385257415004
2026Q1,2026-09-23 17:59,weighted,total_market,2026Q3,20397.09137993908,14815.207995002287,15765.15849567886,16692.788210167142,18251.546172840997,20086.20894310712,22229.885871187278,24475.434216356487,26051.34241443336,27544.656152434607
2026Q1,2026-09-23 17:59,weighted,total_market,2026Q4,24074.544929787404,17456.851509872096,18386.422715221426,19629.290213344364,21533.819901713505,23839.16561686565,26165.245741351093,28729.260356876606,30759.246220984107,32551.740646961705
2026Q1,2026-09-23 17:59,weighted,total_market,2027Q1,17251.939290805727,12713.632130784503,13410.010671535405,14115.66999561101,15389.751269107563,16890.187732337603,18779.34529226563,20711.347168904373,22174.33962913051,23790.46229305814
2026Q1,2026-09-23 17:59,weighted,total_market,2027Q2,22725.109504867673,16542.561207489372,17460.074457852006,18528.950773000463,20297.33570073974,22357.25993475905,24721.606324296008,27421.180580525826,29143.976763037994,30813.197244693758
2026Q1,2026-09-23 17:59,weighted,total_market,2027Q3,22032.878091512048,15559.350871818478,16478.55832563947,17519.97749193867,19286.13803207709,21536.40282118398,24217.61504789121,27063.565612898066,29395.35395442607,31412.073748899325
2026Q1,2026-09-23 17:59,weighted,total_market,2027Q4,25914.362099711827,17972.751592512923,19117.096660773623,20317.442552994034,22454.053224490686,25343.314351424393,28716.31738693303,32233.17184285385,34733.86797876827,37351.76655655252
2026Q1,2026-09-23 17:59,weighted,total_market,2028Q1,18546.203239148996,13044.080572587856,13634.249089385665,14566.925025616076,16125.05080555998,17991.940057307824,20425.5039625184,23108.151204922073,24989.41359432595,27253.689751769747
2026Q1,2026-09-23 17:59,weighted,total_ice,2026Q2,5250.739650837617,3503.162064851613,3763.7388841536167,4028.319059470357,4526.904524109359,5121.167039734735,5845.896059314588,6600.31053425151,7108.272091311696,7771.167280576091
2026Q1,2026-09-23 17:59,weighted,total_ice,2026Q3,5406.869575071531,3586.9392345321576,3807.7399021843175,4057.49333436824,4585.127781968111,5253.056650903838,6055.534718789455,6931.284659431804,7544.210185049251,8212.349044502642
2026Q1,2026-09-23 17:59,weighted,total_ice,2026Q4,6261.842688848291,4055.208708153848,4323.106894695185,4674.811280913298,5288.41378240575,6063.766338331863,7038.706586852394,8080.061107884644,8858.34289200657,9557.239375943338
2026Q1,2026-09-23 17:59,weighted,total_ice,2027Q1,4191.7759544355995,2790.1173630351486,2937.164748153678,3149.9967387667452,3550.1557851005946,4044.910360737513,4676.289203893014,5438.090994502692,5955.960979396593,6422.113639976096
2026Q1,2026-09-23 17:59,weighted,total_ice,2027Q2,5030.430190958418,3298.8691390983317,3542.0106903337446,3799.4295884126827,4262.522343996264,4860.500498030968,5597.314203272186,6462.782420018819,7048.745115730273,7678.0996401240045
2026Q1,2026-09-23 17:59,weighted,total_ice,2027Q3,5125.026243968934,3244.147049112259,3439.031090499772,3722.5234311183617,4240.625210642709,4911.958300071603,5776.166817571625,6776.816950866643,7560.341566462201,8183.614299999996
2026Q1,2026-09-23 17:59,weighted,total_ice,2027Q4,5946.481094843004,3695.3637708461115,3967.122220444539,4304.321983824679,4867.22419325464,5679.119178670529,6720.799059778261,7883.433991442393,8837.31624413088,9681.951991061002
2026Q1,2026-09-23 17:59,weighted,total_ice,2028Q1,4034.4362800260724,2550.9763321218124,2702.758908455652,2927.533783641207,3317.6899496706783,3845.6592481512525,4536.794818710851,5374.245596022937,5994.3933353194425,6692.61910995228
2026Q1,2026-09-23 17:59,weighted,total_electric,2026Q2,15661.914252235465,11366.950236247163,12066.408601241279,12777.211103560907,14022.08091746298,15516.363493032775,17043.97505821968,18643.57167987647,19794.930275027822,20875.18926618805
2026Q1,2026-09-23 17:59,weighted,total_electric,2026Q3,14990.221804867551,10441.32665963104,11228.804416997042,12057.734533740564,13350.318883894977,14775.013024843243,16476.651267745012,18124.140151029278,19333.084075647843,20377.803888156406
2026Q1,2026-09-23 17:59,weighted,total_electric,2026Q4,17812.702240939114,12603.817616092005,13340.8393524301,14245.926883121701,15813.203496889957,17616.501123536273,19536.057443279227,21537.435969375678,22980.120255113317,24380.17136250517
2026Q1,2026-09-23 17:59,weighted,total_electric,2027Q1,13060.163336370128,9358.801945137737,9968.402020155056,10571.353729090264,11640.861742896923,12792.673416209323,14283.268306130392,15811.759151685135,17002.854394207894,18196.294464651408
2026Q1,2026-09-23 17:59,weighted,total_electric,2027Q2,17694.679313909255,12633.960425613634,13370.769340068267,14238.195631223263,15718.963764401573,17431.894228105302,19356.55241858339,21470.002007489937,22886.917059337422,24258.48394442418
2026Q1,2026-09-23 17:59,weighted,total_electric,2027Q3,16907.851847543112,11710.545937566085,12380.378116295586,13240.567402214885,14719.1550377126,16564.367402894226,18697.876424316335,20991.86937640213,22623.14671889983,24278.874030676558
2026Q1,2026-09-23 17:59,weighted,total_electric,2027Q4,19967.88100486882,13511.80784533252,14463.95256081003,15441.527893762508,17194.048572450123,19517.296669895368,22152.651592656854,25039.832784620918,27102.595612434354,29040.799284222812
2026Q1,2026-09-23 17:59,weighted,total_electric,2028Q1,14511.766959122926,9962.937198696498,10529.310755605095,11256.212103045922,12500.671733094037,14116.696932003859,16002.348408681732,18145.651983238917,19768.193923479983,21739.248913791907
2026Q1,2026-09-23 17:59,weighted,electric_share,2026Q2,0.7488328218412987,0.6652161854161723,0.6834424891590112,0.7022242139586375,0.7302548196414257,0.754744561491969,0.7737679342504571,0.7884036879770111,0.795598520147808,0.8014076167463344
2026Q1,2026-09-23 17:59,weighted,electric_share,2026Q3,0.7348090018623595,0.6369219317796104,0.6612629960623619,0.6815683613505185,0.7132934907448211,0.7402437434194149,0.7635502851157898,0.7802333984125671,0.7893385857144917,0.7960728003486721
2026Q1,2026-09-23 17:59,weighted,electric_share,2026Q4,0.7399605967038957,0.6419058939504182,0.6650537625969247,0.6861009248429898,0.7175884129030932,0.7470883793097853,0.7693837049392444,0.7851799296849188,0.7939393080376456,0.8009367575683541
2026Q1,2026-09-23 17:59,weighted,electric_share,2027Q1,0.7570554397158425,0.6674855570735262,0.6860999172339495,0.7084627686592561,0.7376788279932134,0.7633295581435682,0.7834847919858562,0.7977072911846935,0.8048967235438353,0.8112122147208953
2026Q1,2026-09-23 17:59,weighted,electric_share,2027Q2,0.7786035259492325,0.6929806718031083,0.7147418174378624,0.7350873787134758,0.7625206010888979,0.785703890164844,0.8022249125256443,0.813688324447212,0.8192904530582944,0.8238673079458462
2026Q1,2026-09-23 17:59,weighted,electric_share,2027Q3,0.7673941488375432,0.6707063598860041,0.6926343526388848,0.7167948568302349,0.7479401788469574,0.7748920198508469,0.7957989193449053,0.8089188000056823,0.8148746961322445,0.820524368712611
2026Q1,2026-09-23 17:59,weighted,electric_share,2027Q4,0.7705053190966088,0.6719471630799297,0.6955015648915888,0.7197218232003645,0.7503233869206924,0.779236463170903,0.7985129672614364,0.8122580301288591,0.8189267690329165,0.8237063162765355
2026Q1,2026-09-23 17:59,weighted,electric_share,2028Q1,0.7824747391901453,0.6877642617349079,0.711184079053431,0.7341870819034707,0.7660980258611922,0.7907477152250317,0.8083154412214011,0.8198277311453441,0.8255052186867904,0.8293709693242804
2026Q1,2026-09-23 17:59,weighted,ice_1_1.8,2026Q2,1399.7087662210677,695.3599807273391,782.4634123845478,882.874620329615,1078.8527002990004,1332.191456047949,1663.1940849091297,2000.860295712355,2219.455592247993,2419.590367879729
2026Q1,2026-09-23 17:59,weighted,ice_1_1.8,2026Q3,1453.0197209943171,732.8948176156969,813.8760642284583,913.4056141872487,1108.1099576734582,1374.363957212161,1713.8238106171825,2071.174795603438,2334.9025765728616,2626.23541186585
2026Q1,2026-09-23 17:59,weighted,ice_1_1.8,2026Q4,1696.3614147450537,835.1082028124631,934.9002503514474,1049.6216492047263,1284.2706111839025,1606.1779714942008,2009.898399359343,2439.390187088596,2756.4701330717794,3084.0207936582333
2026Q1,2026-09-23 17:59,weighted,ice_1_1.8,2027Q1,1137.8755000217795,547.9025727333836,619.3176805964016,707.5427769625966,865.0306760772132,1077.2549397258476,1344.8259461269745,1632.5930282105894,1853.4208543700913,2057.0429688310055
2026Q1,2026-09-23 17:59,weighted,ice_1_1.8,2027Q2,1367.5152538881027,663.7760364715152,739.3413687173955,851.5392366902267,1038.9178043410666,1300.9753462668032,1624.4374458743246,1964.7573961871387,2215.0642772638985,2452.310573818792
2026Q1,2026-09-23 17:59,weighted,ice_1_1.8,2027Q3,1398.11380164885,665.5314677370136,739.0099403256455,844.9023093946752,1052.8295654970477,1318.6479471966786,1658.041114439031,2054.927026188188,2327.047738751942,2565.8281366832693
2026Q1,2026-09-23 17:59,weighted,ice_1_1.8,2027Q4,1624.8850880464167,772.5699409454367,855.4006669493587,962.9434746324603,1210.9272779095786,1520.6733254167207,1935.2740060872386,2394.4940668483373,2731.442832041632,3040.1652246020076
2026Q1,2026-09-23 17:59,weighted,ice_1_1.8,2028Q1,1099.2725609938852,526.0308862127687,593.6238232989426,674.346253254421,821.5697038908073,1028.2032063690003,1295.6459619304342,1597.783044214102,1845.3067662253552,2079.518608540633
2026Q1,2026-09-23 17:59,weighted,ice_2_2.5,2026Q2,1196.3092725659662,698.7806984910209,761.714646274281,839.8067905097558,974.0701599002643,1159.9242256144064,1381.316264165316,1607.2391553194466,1761.5682669948776,1901.2791847701665
2026Q1,2026-09-23 17:59,weighted,ice_2_2.5,2026Q3,1249.0175376015836,709.3244456813701,779.1074657988244,853.8174833229415,1009.385355337252,1200.8884699173377,1435.6912610611187,1682.0422162257028,1875.5787336117335,2055.9756706790495
2026Q1,2026-09-23 17:59,weighted,ice_2_2.5,2026Q4,1454.8034037959744,821.5174125209641,891.2600061397735,989.7142052732424,1163.4509758537006,1397.837811796296,1683.1143768196837,1982.4685799804436,2233.5994179284007,2425.1486079194
2026Q1,2026-09-23 17:59,weighted,ice_2_2.5,2027Q1,981.5351714704486,560.4541868836816,611.2385082114189,670.7267170154505,787.5919498316113,946.6948666415605,1130.932984318173,1332.461591928541,1484.9148631978117,1607.3622107295607
2026Q1,2026-09-23 17:59,weighted,ice_2_2.5,2027Q2,1185.4413116456628,676.1300589969339,738.4047861557628,816.1822969234993,953.5429879322593,1141.5071043027206,1362.2273560413862,1615.1876438109607,1795.641341271535,1976.4200708078304
2026Q1,2026-09-23 17:59,weighted,ice_2_2.5,2027Q3,1209.1342628254504,667.9415154624749,726.8128600925178,804.9609174213905,954.9573060187208,1150.5485517363354,1401.9923794944034,1691.698830493809,1871.2231412211913,2065.5847681354117
2026Q1,2026-09-23 17:59,weighted,ice_2_2.5,2027Q4,1404.8203253298514,761.234120293439,828.4235093583621,919.3761393461596,1095.8314238724972,1333.2437441888671,1617.2446354096342,1998.073881002205,2242.2740183397827,2479.5167708823387
2026Q1,2026-09-23 17:59,weighted,ice_2_2.5,2028Q1,961.9762689128551,533.1875539401404,578.188211353333,643.3786367462878,753.4141551313302,911.8055250345179,1114.180731122071,1345.6300494367908,1524.5268923679632,1685.6349940867929
2026Q1,2026-09-23 17:59,weighted,ice_3_3.5,2026Q2,2056.9530192342545,1308.3117894766654,1411.0447798904488,1521.3389246040715,1730.0971752926591,2010.3763292407093,2313.613523727823,2647.150280555586,2888.720030023518,3125.576753728854
2026Q1,2026-09-23 17:59,weighted,ice_3_3.5,2026Q3,2080.4801442418106,1270.3865002456737,1376.884750795084,1507.6309928054623,1729.5012734044603,2021.9238631915064,2354.542403789753,2746.0586089949607,3005.8488486974234,3264.415756984514
2026Q1,2026-09-23 17:59,weighted,ice_3_3.5,2026Q4,2384.80903259483,1458.5559833729837,1559.8402834875499,1701.6888334515388,1965.0290733688873,2313.6186295247585,2704.779116229165,3178.337760308948,3439.932650369835,3781.428092011258
2026Q1,2026-09-23 17:59,weighted,ice_3_3.5,2027Q1,1583.1848936403117,988.2483612050975,1057.7384082847948,1149.5464513917148,1312.3692338081455,1525.296880932144,1790.1716367392282,2096.9773746558385,2301.4912693179363,2484.020219184473
2026Q1,2026-09-23 17:59,weighted,ice_3_3.5,2027Q2,1883.7638016479923,1156.7219374213512,1249.5964611108218,1356.7764940988166,1569.0986944254664,1822.2193505567052,2125.3129697770305,2480.5372827261685,2717.2156711372595,2953.0126706903134
2026Q1,2026-09-23 17:59,weighted,ice_3_3.5,2027Q3,1913.2442898303555,1129.128876406727,1221.180384337252,1334.6716635535486,1545.1652965860708,1834.0473548655732,2183.1667713344345,2597.646825300333,2870.809753356222,3193.1374004465674
2026Q1,2026-09-23 17:59,weighted,ice_3_3.5,2027Q4,2210.8651566877816,1314.8414478973932,1401.8401465798145,1537.1238186682378,1777.2540220281116,2103.937773277049,2538.8908594988284,2997.0365216251084,3342.00920878314,3710.9626869356616
2026Q1,2026-09-23 17:59,weighted,ice_3_3.5,2028Q1,1495.2238319473488,889.8804027559896,963.3065418409108,1038.5753980832862,1206.9097538477763,1425.4991057569155,1701.2626436819537,2033.6728305021863,2307.620645958603,2536.81214639608
2026Q1,2026-09-23 17:59,weighted,ice_3.8_5,2026Q2,371.7700790646202,168.74383148499356,189.27603960912126,219.1248419582397,267.5043222087154,344.9959218838495,444.5353326700563,558.7902801786474,643.7572259855705,727.6312337014172
2026Q1,2026-09-23 17:59,weighted,ice_3.8_5,2026Q3,379.04629440710227,167.22342086589165,186.25965853299667,215.36942406424856,273.23993181763393,352.1279600470969,453.89729903427485,570.3871224404219,661.6460434182658,749.0925199235558
2026Q1,2026-09-23 17:59,weighted,ice_3.8_5,2026Q4,435.7101654196627,187.77152600295605,212.45138724265738,243.4482450462389,310.06074157262475,405.55997593646504,526.2262983998093,666.6114821376729,760.5272500164609,862.5069546375948
2026Q1,2026-09-23 17:59,weighted,ice_3.8_5,2027Q1,290.2171645406422,124.5763417226427,142.82725741071636,163.56653880890056,206.06240110849177,268.21421936586256,349.2838330343766,442.6125934454562,508.5917147411385,576.4420224031855
2026Q1,2026-09-23 17:59,weighted,ice_3.8_5,2027Q2,344.8014711870207,149.07626161665428,168.2722738626013,196.11082271694784,244.137673357426,319.8330601095051,414.9293101196737,525.5490805659192,597.7622426455273,684.603946481955
2026Q1,2026-09-23 17:59,weighted,ice_3.8_5,2027Q3,349.9011060101203,146.98148243641216,167.15296730601938,190.86386082657086,244.54287281820092,322.5672970056968,421.24721250875484,543.6612197186985,628.2266629004449,712.6313681818659
2026Q1,2026-09-23 17:59,weighted,ice_3.8_5,2027Q4,406.99922143058444,168.74793985726694,191.19270935604072,225.35033599713273,286.12363396962303,375.5614450329973,487.8673877324357,634.3910462351752,736.246500082011,843.8861754259494
2026Q1,2026-09-23 17:59,weighted,ice_3.8_5,2028Q1,273.76927999563736,113.09581804008916,128.66482003746998,150.09410937506613,190.54912894328342,251.90362885310452,329.0412922760312,424.7115155112843,496.1560937976495,558.7368429749201
2026Q1,2026-09-23 17:59,weighted,ice_6_8,2026Q2,103.51605067121226,23.90152908653006,28.84566556070114,37.02249306208881,54.98003533303744,84.73717607501067,131.74954191838614,190.45831787824648,238.99752380733227,294.29130259573634
2026Q1,2026-09-23 17:59,weighted,ice_6_8,2026Q3,111.43894437985936,24.167809816613108,30.09584278783862,39.0422045081854,57.46594393381684,90.65832847104942,139.32118662987006,213.34718676696332,265.17875192934196,321.53715753223406
2026Q1,2026-09-23 17:59,weighted,ice_6_8,2026Q4,129.4255548956015,28.83899581052357,35.85449834354131,45.59333743910585,67.72664211155725,105.7285041565437,162.8171364054052,243.8091021679262,306.4667317127795,365.57885386561424
2026Q1,2026-09-23 17:59,weighted,ice_6_8,2027Q1,87.6165572972446,19.80719404002136,23.77611567756919,30.516759603999695,44.67539674854676,70.85604888842445,110.57662827806244,163.06862735951057,212.17834515014277,255.05421728172024
2026Q1,2026-09-23 17:59,weighted,ice_6_8,2027Q2,108.53968006889457,23.48879364299413,28.719688486207456,36.659028166569584,56.18499240407735,88.47685945127999,134.0304896407917,202.1057992859742,263.415906783993,319.1873739018781
2026Q1,2026-09-23 17:59,weighted,ice_6_8,2027Q3,108.76485245785449,24.251350549546753,29.079903749665778,37.16321921404314,56.35018903104962,88.07904894243717,138.16309600746143,204.905112822022,253.17786868170052,307.06991897424547
2026Q1,2026-09-23 17:59,weighted,ice_6_8,2027Q4,126.78834208160066,28.475077096582236,34.26406141242248,42.93434593451056,65.3638894966055,104.22491947487484,161.61070157317243,238.8157724206358,293.7544122437507,358.8257150536365
2026Q1,2026-09-23 17:59,weighted,ice_6_8,2028Q1,86.36678838535512,18.772094669382465,23.5461899329173,30.23945052706983,44.42085812067892,70.23724069688367,107.56054042174,161.93425413383974,205.8408532889142,250.61111970268442
2026Q1,2026-09-23 17:59,weighted,ice_8.5_10,2026Q2,80.76111362915806,32.04682282428772,36.86037474458467,43.11598107856108,54.83715118235577,73.94526026641218,99.8531556787525,127.17269131270955,145.77641264563886,169.5410130885734
2026Q1,2026-09-23 17:59,weighted,ice_8.5_10,2026Q3,87.29075603629515,33.23128736171629,38.2868538697254,45.0806686230311,59.06371601804018,79.53373036398361,107.22668716951767,138.60647840040582,163.14362424046803,186.03566277567282
2026Q1,2026-09-23 17:59,weighted,ice_8.5_10,2026Q4,104.91895972945949,38.883927641934314,45.79433428174227,54.566908397699706,70.74761361850005,95.0881263744535,126.99164641391816,166.6535765309966,199.92948122530106,233.46778974517275
2026Q1,2026-09-23 17:59,weighted,ice_8.5_10,2027Q1,72.35219621951626,27.9035272759787,32.0928588582514,37.45948168364202,48.909007208563324,65.76208316866035,87.83342069181028,116.19067399157261,135.28840411332698,154.8958158121397
2026Q1,2026-09-23 17:59,weighted,ice_8.5_10,2027Q2,90.74868486778813,32.94834891085647,38.67636330119927,45.19408097564955,60.494131751861765,82.39003601245808,110.92998205688139,145.41937369494752,170.90906515468924,201.33051276528283
2026Q1,2026-09-23 17:59,weighted,ice_8.5_10,2027Q3,93.91318127945843,34.47214199206557,38.99140739032967,46.99035584954767,61.82202097408721,84.45511310634993,114.66275828798294,153.58212121880675,181.09162101979385,209.71893215641688
2026Q1,2026-09-23 17:59,weighted,ice_8.5_10,2027Q4,111.07984119121105,40.440379595537,45.992760636821345,54.94640648093627,72.9303808911191,99.15208103076951,135.9063906076508,183.0721341501127,214.0022373413283,250.82275161437184
2026Q1,2026-09-23 17:59,weighted,ice_8.5_10,2028Q1,76.21671672328465,27.352582939967764,31.167092640882167,37.50616426631307,49.89811298965964,67.62038329308899,93.5111611443788,124.81192406001864,147.67255652576384,169.7290804585484
2026Q1,2026-09-23 17:59,weighted,ice_11_18,2026Q2,35.20579174729547,3.241140627318651,4.36059639148516,6.195610048122662,11.89851890783378,22.585876911271317,42.863505152218636,76.20744523505763,103.50108924772233,142.42300995608508
2026Q1,2026-09-23 17:59,weighted,ice_11_18,2026Q3,39.53229599719433,3.710849591553037,5.107799102169508,7.169442973276596,12.937821091853186,24.746218000347433,47.98132758300032,84.60617248538016,119.89203030714634,166.65749370485648
2026Q1,2026-09-23 17:59,weighted,ice_11_18,2026Q4,47.23586206709962,4.397925821024086,6.093589541442669,8.591896760504227,15.618604818139959,29.563187676862206,56.96786734455112,100.55719537134831,148.3332073392185,200.56099570650565
2026Q1,2026-09-23 17:59,weighted,ice_11_18,2027Q1,33.20327589464774,2.8664988225602896,4.1382486573159625,5.792274790076709,10.711206033978344,20.717858884592935,41.031847630575264,73.34443691453023,103.94728830745859,138.7315646908706
2026Q1,2026-09-23 17:59,weighted,ice_11_18,2027Q2,42.35232198773774,3.8437966579253993,5.157338318734671,7.271881250027466,13.17597215043513,25.677541883021668,50.517441648396506,93.1876830693821,134.7959405660963,179.74131706142646
2026Q1,2026-09-23 17:59,weighted,ice_11_18,2027Q3,44.46727041122169,4.031528476840221,5.349286247420378,7.460988438987756,13.865343486481294,26.86069525037736,53.100216233909606,98.11667391422587,144.64852064550777,191.58220075990053
2026Q1,2026-09-23 17:59,weighted,ice_11_18,2027Q4,52.32017823970093,4.589722381909386,6.14414156701507,8.853225579957474,15.99232704773307,31.252578583323,63.31900856320935,114.64824150990188,163.8655879851735,226.00261792718672
2026Q1,2026-09-23 17:59,weighted,ice_11_18,2028Q1,35.558229076845855,3.0334385241344393,4.2132344708856575,6.205676038188957,11.606574006098802,21.696187166314083,41.69976800945617,76.45486475466967,110.15594341475226,154.62609482447672
2026Q1,2026-09-23 17:59,weighted,ice_20_25,2026Q2,6.515557704042826,1.2834619474399822,1.558611019033886,2.033871163790199,3.197035964830312,5.093241019967245,7.993877992855305,12.353603712502398,16.73952331843193,20.61346361156906
2026Q1,2026-09-23 17:59,weighted,ice_20_25,2026Q3,7.043881413368681,1.3035814686849945,1.6203553539500657,2.095749525577797,3.3582681007096387,5.394454514653983,8.868612153523486,13.718783719280335,17.883317446138335,23.082332354884905
2026Q1,2026-09-23 17:59,weighted,ice_20_25,2026Q4,8.578295600609996,1.539191894246203,1.936375809992326,2.5736490859981007,3.898491460169762,6.5987645140589395,10.582112765405814,16.58498330635375,23.12707688328332,28.639878366726656
2026Q1,2026-09-23 17:59,weighted,ice_20_25,2027Q1,5.791195351008273,1.039470790213251,1.311623717001641,1.697577809939399,2.6693804978789983,4.449293708290366,7.125562648454398,11.399549208517072,15.207191440437471,18.895146552466198
2026Q1,2026-09-23 17:59,weighted,ice_20_25,2027Q2,7.267665665218742,1.3233029254481017,1.612014656827916,2.1157760712061173,3.3036117237600817,5.453477475804121,8.90026481418032,14.221643291492391,18.428629463471744,24.114047173692903
2026Q1,2026-09-23 17:59,weighted,ice_20_25,2027Q3,7.487479505622962,1.2847965661839582,1.655026393216273,2.138764701725409,3.384807436265022,5.623368944286829,9.342369426669823,14.894484794033765,19.36377943176792,25.013782072792253
2026Q1,2026-09-23 17:59,weighted,ice_20_25,2027Q4,8.722941835857267,1.5959343515307944,1.954117567176046,2.4999451347572803,4.003493105525662,6.616176788723333,10.836806181629793,17.435743654222573,22.89254333778774,28.907103830436192
2026Q1,2026-09-23 17:59,weighted,ice_20_25,2028Q1,6.052603990859965,1.0597160681732343,1.3257061792287144,1.731662459640285,2.772607581159485,4.586297352841322,7.46737016918479,11.698035823836365,14.910602402620718,19.53252946027148
2026Q1,2026-09-23 17:59,weighted,el_1_1.8,2026Q2,7239.937155971417,5122.796893283647,5442.38787513707,5782.991447304343,6428.45609451308,7139.984628499953,7957.874884374645,8745.296543405382,9314.081121877001,9876.72272211668
2026Q1,2026-09-23 17:59,weighted,el_1_1.8,2026Q3,6812.03470529345,4620.11077953142,4980.185590565911,5339.306118226831,6002.560223885284,6717.981413668775,7541.98959572444,8389.052004959993,8957.188487528809,9464.82958121188
2026Q1,2026-09-23 17:59,weighted,el_1_1.8,2026Q4,7986.654361685751,5464.16488385546,5811.183578567755,6267.354260071156,6973.524317111096,7887.4355257429215,8817.556616078307,9805.010230999285,10538.173040083486,11274.976709783603
2026Q1,2026-09-23 17:59,weighted,el_1_1.8,2027Q1,5800.960160976207,4016.2064756263576,4279.287611219758,4576.121555845354,5076.479489590667,5703.103999769812,6372.645312432914,7140.47759635942,7712.514492167122,8259.955991529183
2026Q1,2026-09-23 17:59,weighted,el_1_1.8,2027Q2,7767.206867612839,5419.204689721471,5719.179732033173,6082.6700121469985,6828.496689365376,7651.6013133608185,8579.853209067714,9537.76640899407,10219.745067398415,10828.581397908516
2026Q1,2026-09-23 17:59,weighted,el_1_1.8,2027Q3,7382.060413165555,4927.597688450363,5293.426776301202,5681.807809161712,6346.547194156326,7214.764923640603,8241.602618052999,9260.799161173585,10024.018343712765,10706.705362313669
2026Q1,2026-09-23 17:59,weighted,el_1_1.8,2027Q4,8669.733085156291,5704.832600630496,6098.851310113213,6542.769115325185,7405.9095109641585,8460.292672976047,9690.117881945545,11050.736204582852,12003.113406487562,12954.82410469202
2026Q1,2026-09-23 17:59,weighted,el_1_1.8,2028Q1,6261.632284198981,4142.617163935183,4392.232171578702,4720.949504810228,5340.600994897923,6088.834868789221,6977.740303953255,8022.058258049752,8713.012727202426,9475.590633538257
2026Q1,2026-09-23 17:59,weighted,el_2_2.5,2026Q2,4324.532165166839,2926.083195795854,3099.3353452743204,3342.635954970698,3766.7588656253233,4263.7149982490955,4800.39146558746,5362.885874822857,5765.735097558399,6122.9494732590365
2026Q1,2026-09-23 17:59,weighted,el_2_2.5,2026Q3,4117.372535884785,2693.0895217060497,2890.9390630869625,3148.848962604133,3546.5293172747065,4026.010123401572,4590.5211498305325,5209.685222018151,5604.160052006272,5912.810895005779
2026Q1,2026-09-23 17:59,weighted,el_2_2.5,2026Q4,4861.243645830005,3188.3661877567597,3411.430439698756,3705.9025422585596,4185.396429010178,4779.9940779509325,5438.146616052591,6122.308238126615,6562.23485672172,7044.091394709849
2026Q1,2026-09-23 17:59,weighted,el_2_2.5,2027Q1,3552.293375439276,2347.8698718836877,2518.0736903359684,2710.499961607357,3065.5008958573358,3484.9730458468293,3953.397140208687,4482.515064839433,4821.8366334896045,5160.370577715444
2026Q1,2026-09-23 17:59,weighted,el_2_2.5,2027Q2,4794.97297823302,3199.0229162729142,3392.5159167005036,3665.261019007726,4117.322060150559,4694.789542760266,5345.130306575002,6021.214588126085,6532.503305210206,7006.114587280239
2026Q1,2026-09-23 17:59,weighted,el_2_2.5,2027Q3,4567.028731637513,2916.9676639785152,3129.189998058808,3388.232892684415,3866.7667337770004,4463.661926934366,5146.178102179503,5864.747342947676,6376.855143160457,6797.652358656044
2026Q1,2026-09-23 17:59,weighted,el_2_2.5,2027Q4,5381.26856523925,3373.2789074620205,3651.8854521475755,3977.984312801399,4530.940026332619,5238.549031434544,6091.758416557056,6956.393694706804,7636.980437900112,8188.671331500598
2026Q1,2026-09-23 17:59,weighted,el_2_2.5,2028Q1,3906.629439826521,2467.9907011484,2652.050459135903,2883.9507879778653,3272.132668546695,3787.976191155967,4397.3967912263215,5102.433816675991,5554.999102864668,6098.554144309808
2026Q1,2026-09-23 17:59,weighted,el_3_3.5,2026Q2,3329.747477734609,1902.813956971449,2067.586936506068,2297.714868423053,2728.2412634768452,3222.1066985428843,3843.7021844427463,4503.230293886046,4941.694378677389,5341.238755115194
2026Q1,2026-09-23 17:59,weighted,el_3_3.5,2026Q3,3278.6866734830705,1840.254719067748,2015.2592226081579,2231.6351301419277,2646.2513813544733,3172.900863607236,3812.736996969636,4433.578631857416,4867.58416289937,5272.351340791426
2026Q1,2026-09-23 17:59,weighted,el_3_3.5,2026Q4,3985.1723133880655,2253.9151277050332,2469.506969246134,2732.352819901166,3209.817415864236,3879.4065481504376,4612.156686421951,5357.338783762313,5867.0056210971425,6438.388332062958
2026Q1,2026-09-23 17:59,weighted,el_3_3.5,2027Q1,2961.0502465012196,1694.7284500364176,1837.182669243318,2033.232324732419,2401.295249850171,2876.9801505411197,3416.369916750258,4016.573764276102,4397.493407631457,4774.957029914416
2026Q1,2026-09-23 17:59,weighted,el_3_3.5,2027Q2,4101.590232875933,2333.450576660923,2537.49307253751,2813.687845579753,3320.831309626144,3977.7717263157556,4717.133595062985,5527.990133544545,6092.181008768167,6686.564144121101
2026Q1,2026-09-23 17:59,weighted,el_3_3.5,2027Q3,3944.98281743379,2194.598010406017,2401.3473775983493,2659.8626593020754,3159.959229058826,3815.1806620717707,4552.171978652466,5414.879517971168,5978.122431789747,6500.934546550328
2026Q1,2026-09-23 17:59,weighted,el_3_3.5,2027Q4,4704.975809527683,2533.51229047765,2790.8862364996216,3127.846615453961,3713.643722121765,4525.601029911477,5475.887054730511,6513.315020389786,7282.43453041635,7907.10091102528
2026Q1,2026-09-23 17:59,weighted,el_3_3.5,2028Q1,3453.971503958314,1930.9567129257418,2115.9712683328735,2340.980863410836,2767.3774858309675,3312.1448075192225,3989.7342862214605,4734.638753858757,5207.337750851671,5775.862038403213
2026Q1,2026-09-23 17:59,weighted,el_3.8_5,2026Q2,615.615639156178,280.94967971076755,315.8659905873396,361.05152109725026,449.79198247751447,580.0143292785266,735.5859335883772,910.7595816702337,1030.2869645535761,1163.5364820071463
2026Q1,2026-09-23 17:59,weighted,el_3.8_5,2026Q3,622.5972060614032,282.0470615463961,316.2850953297958,358.5980252830651,453.9421996933962,587.6287096939717,749.3399999315956,928.2493312169959,1060.117254004237,1177.2327744583604
2026Q1,2026-09-23 17:59,weighted,el_3.8_5,2026Q4,772.0127261820431,357.75741424380146,401.0482245703717,452.7211424838105,568.8622125547486,726.4359317878204,917.4455990006664,1149.065012699556,1295.6070780686266,1446.254878523296
2026Q1,2026-09-23 17:59,weighted,el_3.8_5,2027Q1,589.6894509551454,264.8427609001006,298.2522720617224,339.63265671340093,427.465707974073,554.6727219338969,707.8856164592643,877.0603455242941,998.4686729656838,1138.2643802178943
2026Q1,2026-09-23 17:59,weighted,el_3.8_5,2027Q2,816.1014624136528,372.0799511777025,411.87165223582895,470.7609319903235,590.4257742103187,763.2718288365238,975.4029839619216,1221.917715400435,1419.241211574303,1599.687409466728
2026Q1,2026-09-23 17:59,weighted,el_3.8_5,2027Q3,798.0824315788241,352.08655961999386,400.0833477324996,459.2754068836085,577.2181328482538,740.1533677996432,958.069058434789,1209.8545162016073,1386.5178945444502,1566.8438569008258
2026Q1,2026-09-23 17:59,weighted,el_3.8_5,2027Q4,951.2457101623779,417.7863986927369,473.81883718779375,544.6693300319972,683.9134471069335,878.1813106042994,1150.4241878320781,1439.6931979347605,1661.1604585391103,1882.3486936229028
2026Q1,2026-09-23 17:59,weighted,el_3.8_5,2028Q1,697.5230886959245,308.0760246280834,339.1171635037231,393.39479130782263,501.10218509590794,648.6855637740675,838.620485259447,1065.582665342439,1205.9387739615204,1383.187544300647
2026Q1,2026-09-23 17:59,weighted,el_5.5_8,2026Q2,88.31282487413267,6.170354436183602,8.893650800384144,13.045463709370969,23.91294789516317,49.38414628966202,103.0685879492739,203.5112545311441,277.2466919813258,399.5598200023564
2026Q1,2026-09-23 17:59,weighted,el_5.5_8,2026Q3,92.83815792838936,6.5314698847239185,8.843381689014418,12.687664100966837,24.18598297315502,51.41759462821683,110.16901677859056,205.942600509387,311.02365243505136,451.26550892917726
2026Q1,2026-09-23 17:59,weighted,el_5.5_8,2026Q4,118.40715935440915,7.869202805975352,11.395232271084634,16.373016116979073,31.0441429915184,63.90419857728838,136.8322393003104,271.65212454251065,402.2352673302283,544.528253616244
2026Q1,2026-09-23 17:59,weighted,el_5.5_8,2027Q1,88.55952690416618,6.055136950182402,8.371667680754703,12.738124529830484,23.594415819988402,48.83845480836419,103.4582226675695,194.24879560298572,293.4829081341234,410.6281499755833
2026Q1,2026-09-23 17:59,weighted,el_5.5_8,2027Q2,118.95714624746907,8.42010548994364,11.675142772283765,16.939872466867868,31.358182558503756,64.21619202714069,137.61687585678325,265.91326675877775,386.18741011844645,546.0059156760344
2026Q1,2026-09-23 17:59,weighted,el_5.5_8,2027Q3,118.08808121863012,7.912019390479794,11.42597488986114,16.825104496615882,32.5568315683106,66.31501882828906,137.6730926178864,271.35945587203787,391.13789142760714,512.2222872415362
2026Q1,2026-09-23 17:59,weighted,el_5.5_8,2027Q4,141.07513757479197,9.60626957217121,13.446781734930594,19.96720456261936,38.49480681392925,79.41739837475087,163.36820963443515,308.8562845876831,462.90910593425434,657.0164598544832
2026Q1,2026-09-23 17:59,weighted,el_5.5_8,2028Q1,104.15167994140546,6.929248464905799,9.794154122102812,14.319003227127189,27.208111343404006,58.83717318753752,121.80510865792145,227.81124126216517,339.71643801723724,480.92521643791866
2026Q1,2026-09-23 17:59,weighted,el_8.5_16,2026Q2,63.7689893322878,9.262276440255068,11.754301112079656,15.767773568635558,26.014201980852178,45.69498877316801,78.62055673547313,128.8243209839917,177.517772328366,223.94500583050288
2026Q1,2026-09-23 17:59,weighted,el_8.5_16,2026Q3,66.69252621644993,9.69865006804147,12.564580254803186,16.322934046248818,27.291241414738558,47.57730588809788,83.42329262308832,137.00106030353115,183.4518061736087,231.80238376049186
2026Q1,2026-09-23 17:59,weighted,el_8.5_16,2026Q4,89.21203449883846,13.32797050560669,16.969994763081075,21.985696901336592,36.42036697890888,62.863275671434394,109.06543140371932,185.47239278052336,254.82284598282726,313.76903629057506
2026Q1,2026-09-23 17:59,weighted,el_8.5_16,2027Q1,67.61057559411452,9.577236353957758,12.5754339053841,16.643951814814848,27.61573160513053,48.657010940098054,84.54926034322324,140.12591905969526,182.91091767075852,239.21258064101622
2026Q1,2026-09-23 17:59,weighted,el_8.5_16,2027Q2,95.85062652634235,13.670304423293503,18.19186936951361,23.9528671251571,38.962060517075905,68.18067630691073,119.97201872194675,201.9689329698627,262.3915569514609,338.104731752371
2026Q1,2026-09-23 17:59,weighted,el_8.5_16,2027Q3,97.6093725088017,12.936736106535033,17.60650510677688,23.66287025947041,38.44876151352891,67.2809329649435,120.13662420813998,202.59254899219923,274.1620333010158,363.571312172777
2026Q1,2026-09-23 17:59,weighted,el_8.5_16,2027Q4,119.58269720842739,15.821457805524469,21.085609768244534,28.129067767667145,46.02062392798608,82.68968754991383,147.33812238467914,254.92670058506835,338.6705236026258,446.29547855378826
2026Q1,2026-09-23 17:59,weighted,el_8.5_16,2028Q1,87.85896250177954,11.753102070757127,15.532543616379552,20.84333425399639,35.444864474686085,62.56111303109083,110.6203889063244,180.365938372033,237.96933589811843,313.66107819534267
